#
# A fatal error has been detected by the Java Runtime Environment:
#
#  SIGSEGV (0xb) at pc=0x0000000130343ffc, pid=6179, tid=4355
#
# JRE version: OpenJDK Runtime Environment Corretto-21.0.3.9.1 (21.0.3+9) (build 21.0.3+9-LTS)
# Java VM: OpenJDK 64-Bit Server VM Corretto-21.0.3.9.1 (21.0.3+9-LTS, mixed mode, sharing, tiered, compressed oops, compressed class ptrs, g1 gc, bsd-aarch64)
# Problematic frame:
# C  [libtesseract.5.dylib+0x27ffc]  tesseract::Tesseract::recog_all_words(tesseract::PAGE_RES*, tesseract::ETEXT_DESC*, tesseract::TBOX const*, char const*, int)+0xb8
#
# No core dump will be written. Core dumps have been disabled. To enable core dumping, try "ulimit -c unlimited" before starting Java again
#
# If you would like to submit a bug report, please visit:
#   https://github.com/corretto/corretto-21/issues/
# The crash happened outside the Java Virtual Machine in native code.
# See problematic frame for where to report the bug.
#

---------------  S U M M A R Y ------------

Command Line: -Djna.library.path=/opt/homebrew/opt/tesseract/lib -Dfile.encoding=UTF-8 -Duser.country=KR -Duser.language=ko -Duser.variant com.zero.cohousesever.ocr.TesseractService

Host: "MacBookPro18,1" arm64, 10 cores, 32G, Darwin 24.6.0, macOS 15.6 (24G84)
Time: Sun Aug 24 20:56:40 2025 KST elapsed time: 0.481304 seconds (0d 0h 0m 0s)

---------------  T H R E A D  ---------------

Current thread (0x0000000145008200):  JavaThread "main"             [_thread_in_native, id=4355, stack(0x000000016b2b8000,0x000000016b4bb000) (2060K)]

Stack: [0x000000016b2b8000,0x000000016b4bb000],  sp=0x000000016b4b9ae0,  free space=2054k
Native frames: (J=compiled Java code, j=interpreted, Vv=VM code, C=native code)
C  [libtesseract.5.dylib+0x27ffc]  tesseract::Tesseract::recog_all_words(tesseract::PAGE_RES*, tesseract::ETEXT_DESC*, tesseract::TBOX const*, char const*, int)+0xb8
C  [libtesseract.5.dylib+0x4ba8]  tesseract::TessBaseAPI::Recognize(tesseract::ETEXT_DESC*)+0x31c
C  [libtesseract.5.dylib+0x3990]  tesseract::TessBaseAPI::GetUTF8Text()+0x3c
C  [jna1478086749551777761.tmp+0x1004c]  ffi_prep_closure_loc+0x164c
C  [jna1478086749551777761.tmp+0xe970]  ffi_call+0x57c
C  [jna1478086749551777761.tmp+0x678c]  Java_com_sun_jna_Native_invokePointer+0x96c
C  [jna1478086749551777761.tmp+0x5e4c]  Java_com_sun_jna_Native_invokePointer+0x2c
j  com.sun.jna.Native.invokePointer(Lcom/sun/jna/Function;JI[Ljava/lang/Object;)J+0
j  com.sun.jna.Function.invokePointer(I[Ljava/lang/Object;)Lcom/sun/jna/Pointer;+7
j  com.sun.jna.Function.invoke([Ljava/lang/Object;Ljava/lang/Class;ZI)Ljava/lang/Object;+387
j  com.sun.jna.Function.invoke(Ljava/lang/reflect/Method;[Ljava/lang/Class;Ljava/lang/Class;[Ljava/lang/Object;Ljava/util/Map;)Ljava/lang/Object;+271
j  com.sun.jna.Library$Handler.invoke(Ljava/lang/Object;Ljava/lang/reflect/Method;[Ljava/lang/Object;)Ljava/lang/Object;+390
j  jdk.proxy1.$Proxy0.TessBaseAPIGetUTF8Text(Lnet/sourceforge/tess4j/ITessAPI$TessBaseAPI;)Lcom/sun/jna/Pointer;+16 jdk.proxy1
j  net.sourceforge.tess4j.Tesseract.getOCRText(Ljava/lang/String;I)Ljava/lang/String;+309
j  net.sourceforge.tess4j.Tesseract.doOCR(Ljavax/imageio/IIOImage;Ljava/lang/String;Ljava/util/List;I)Ljava/lang/String;+91
j  net.sourceforge.tess4j.Tesseract.doOCR(Ljava/io/File;Ljava/util/List;)Ljava/lang/String;+126
j  net.sourceforge.tess4j.ITesseract.doOCR(Ljava/io/File;)Ljava/lang/String;+6
j  com.zero.cohousesever.ocr.TesseractService.main([Ljava/lang/String;)V+62
v  ~StubRoutines::call_stub 0x0000000116ea4140
V  [libjvm.dylib+0x4d46bc]  JavaCalls::call_helper(JavaValue*, methodHandle const&, JavaCallArguments*, JavaThread*)+0x3b8
V  [libjvm.dylib+0x54b478]  jni_invoke_static(JNIEnv_*, JavaValue*, _jobject*, JNICallType, _jmethodID*, JNI_ArgumentPusher*, JavaThread*)+0x17c
V  [libjvm.dylib+0x54ee74]  jni_CallStaticVoidMethod+0x114
C  [libjli.dylib+0xb188]  JavaMain+0xe84
C  [libjli.dylib+0xd540]  ThreadJavaMain+0xc
C  [libsystem_pthread.dylib+0x6c0c]  _pthread_start+0x88
Java frames: (J=compiled Java code, j=interpreted, Vv=VM code)
j  com.sun.jna.Native.invokePointer(Lcom/sun/jna/Function;JI[Ljava/lang/Object;)J+0
j  com.sun.jna.Function.invokePointer(I[Ljava/lang/Object;)Lcom/sun/jna/Pointer;+7
j  com.sun.jna.Function.invoke([Ljava/lang/Object;Ljava/lang/Class;ZI)Ljava/lang/Object;+387
j  com.sun.jna.Function.invoke(Ljava/lang/reflect/Method;[Ljava/lang/Class;Ljava/lang/Class;[Ljava/lang/Object;Ljava/util/Map;)Ljava/lang/Object;+271
j  com.sun.jna.Library$Handler.invoke(Ljava/lang/Object;Ljava/lang/reflect/Method;[Ljava/lang/Object;)Ljava/lang/Object;+390
j  jdk.proxy1.$Proxy0.TessBaseAPIGetUTF8Text(Lnet/sourceforge/tess4j/ITessAPI$TessBaseAPI;)Lcom/sun/jna/Pointer;+16 jdk.proxy1
j  net.sourceforge.tess4j.Tesseract.getOCRText(Ljava/lang/String;I)Ljava/lang/String;+309
j  net.sourceforge.tess4j.Tesseract.doOCR(Ljavax/imageio/IIOImage;Ljava/lang/String;Ljava/util/List;I)Ljava/lang/String;+91
j  net.sourceforge.tess4j.Tesseract.doOCR(Ljava/io/File;Ljava/util/List;)Ljava/lang/String;+126
j  net.sourceforge.tess4j.ITesseract.doOCR(Ljava/io/File;)Ljava/lang/String;+6
j  com.zero.cohousesever.ocr.TesseractService.main([Ljava/lang/String;)V+62
v  ~StubRoutines::call_stub 0x0000000116ea4140

siginfo: si_signo: 11 (SIGSEGV), si_code: 2 (SEGV_ACCERR), si_addr: 0x000000000000000c

Registers:
 x0=0x0000000135a113e0  x1=0x0000000000000000  x2=0x0000000000000000  x3=0x0000000000000000
 x4=0x0000000000000000  x5=0x0000000000000000  x6=0x00006000024200a0  x7=0x0000000000000230
 x8=0x0000000000000000  x9=0x0000000000000000 x10=0x0000600000985140 x11=0x00006000009850e0
x12=0x00006000005aeda0 x13=0x0000000000000001 x14=0x00000000ffffff36 x15=0x00000000000007fb
x16=0x0000000182e0c3b0 x17=0x0000000000000002 x18=0x0000000000000000 x19=0x0000000000000000
x20=0x00006000024d9c70 x21=0x0000000148068000 x22=0x0000000000000000 x23=0x0000000000000000
x24=0x000000016b4b9f50 x25=0x0000000000000001 x26=0x0000000148089b7c x27=0x000000014808b102
x28=0x000000014808c9a0  fp=0x000000016b4b9ca0  lr=0x0000000130343fe0  sp=0x000000016b4b9ae0
pc=0x0000000130343ffc cpsr=0x0000000080001000

Register to memory mapping:

x0 =0x0000000135a113e0 points into unknown readable memory: 0x0000000135a110c0 | c0 10 a1 35 01 00 00 00
x1 =0x0 is null
x2 =0x0 is null
x3 =0x0 is null
x4 =0x0 is null
x5 =0x0 is null
x6 =0x00006000024200a0 points into unknown readable memory: 0x3d071c44f51a3f0d | 0d 3f 1a f5 44 1c 07 3d
x7 =0x0000000000000230 is an unknown value
x8 =0x0 is null
x9 =0x0 is null
x10=0x0000600000985140 points into unknown readable memory: 0x0000600000985140 | 40 51 98 00 00 60 00 00
x11=0x00006000009850e0 points into unknown readable memory: 0x0000600000985050 | 50 50 98 00 00 60 00 00
x12=0x00006000005aeda0 points into unknown readable memory: 0x00006000005ae930 | 30 e9 5a 00 00 60 00 00
x13=0x0000000000000001 is an unknown value
x14=0x00000000ffffff36 is an unknown value
x15=0x00000000000007fb is an unknown value
x16=0x0000000182e0c3b0: _platform_strcmp$VARIANT$Base+0 in /usr/lib/system/libsystem_platform.dylib at 0x0000000182e06000
x17=0x0000000000000002 is an unknown value
x18=0x0 is null
x19=0x0 is null
x20=0x00006000024d9c70 points into unknown readable memory: 0x0000000000000000 | 00 00 00 00 00 00 00 00
x21=0x0000000148068000 points into unknown readable memory: 0x00000001304ed218 | 18 d2 4e 30 01 00 00 00
x22=0x0 is null
x23=0x0 is null
x24=0x000000016b4b9f50 is pointing into the stack for thread: 0x0000000145008200
x25=0x0000000000000001 is an unknown value
x26=0x0000000148089b7c points into unknown readable memory: 06 00 00 00
x27=0x000000014808b102 points into unknown readable memory: 00 00 01 00 00 00
x28=0x000000014808c9a0 points into unknown readable memory: 0x000000014808ca00 | 00 ca 08 48 01 00 00 00
 fp=0x000000016b4b9ca0 is pointing into the stack for thread: 0x0000000145008200
 lr=0x0000000130343fe0: _ZN9tesseract9Tesseract15recog_all_wordsEPNS_8PAGE_RESEPNS_10ETEXT_DESCEPKNS_4TBOXEPKci+0x9c in /opt/homebrew/Cellar/tesseract/5.5.1/lib/libtesseract.5.dylib at 0x000000013031c000
 sp=0x000000016b4b9ae0 is pointing into the stack for thread: 0x0000000145008200

Top of Stack: (sp=0x000000016b4b9ae0)
0x000000016b4b9ae0:   0000000000000000 0000000135a22010
0x000000016b4b9af0:   0000000000000000 0000000000000000
0x000000016b4b9b00:   00006000024d9c70 0000000000000000
0x000000016b4b9b10:   0000000000000000 0000000000000000
0x000000016b4b9b20:   0000000135a113e0 0000600000985110
0x000000016b4b9b30:   0000600000985140 0000000135a117a0
0x000000016b4b9b40:   00006000009850e0 0000600000985140
0x000000016b4b9b50:   00006000024d9c78 0000600000985140
0x000000016b4b9b60:   0000600000985140 0000600000985140
0x000000016b4b9b70:   0000600000985140 0000000130000000
0x000000016b4b9b80:   0000600000985168 0000600000985110
0x000000016b4b9b90:   00006000009850e0 0000600000985050
0x000000016b4b9ba0:   0000600000985110 0000600002010000
0x000000016b4b9bb0:   0000600000985100 0000000135a117a0
0x000000016b4b9bc0:   0000000135a115c0 0000000135a11980
0x000000016b4b9bd0:   0000000135a117a0 0000000000010000
0x000000016b4b9be0:   0000600000985130 0000000135a110c0
0x000000016b4b9bf0:   0000000135a113e0 0000000135a110c0
0x000000016b4b9c00:   0000000135a113e0 0000000130000000
0x000000016b4b9c10:   0000600000985100 0000000135a11980
0x000000016b4b9c20:   0000000135a117a0 0000000135a115c0
0x000000016b4b9c30:   0000000135a117a0 0000600000000000
0x000000016b4b9c40:   000000016b4b9f50 0000000148089a6a
0x000000016b4b9c50:   000000016b4b9ef0 0000000000000000
0x000000016b4b9c60:   000000016b4b9eb0 0000000000000001
0x000000016b4b9c70:   000000016b4b9f50 0000000148089a6a
0x000000016b4b9c80:   0000000148068000 00006000024d9c70
0x000000016b4b9c90:   0000000000000000 0000600003cb0270
0x000000016b4b9ca0:   000000016b4b9d00 0000000130320ba8
0x000000016b4b9cb0:   000000016b4b9d68 000000016b4b9d01
0x000000016b4b9cc0:   000000016b4b9d20 000000011744705c
0x000000016b4b9cd0:   000000016b4b9f50 0000000000000001 

Instructions: (pc=0x0000000130343ffc)
0x0000000130343efc:   f6 57 43 a9 f8 5f 42 a9 ff 83 01 91 c0 03 5f d6
0x0000000130343f0c:   07 00 00 14 f4 03 00 aa e8 7f c0 39 a8 00 f8 36
0x0000000130343f1c:   e0 07 40 f9 98 f2 04 94 02 00 00 14 f4 03 00 aa
0x0000000130343f2c:   68 5e c0 39 68 00 f8 36 60 02 40 f9 92 f2 04 94
0x0000000130343f3c:   e0 03 14 aa 6a f1 04 94 ff 43 07 d1 fc 6f 17 a9
0x0000000130343f4c:   fa 67 18 a9 f8 5f 19 a9 f6 57 1a a9 f4 4f 1b a9
0x0000000130343f5c:   fd 7b 1c a9 fd 03 07 91 f7 03 05 aa e4 03 00 f9
0x0000000130343f6c:   f6 03 03 aa f3 03 02 aa f4 03 01 aa f5 03 00 aa
0x0000000130343f7c:   ff 53 00 f9 ff 6b 00 f9 08 90 40 91 1c 81 26 91
0x0000000130343f8c:   08 8c 40 91 1b 09 04 91 ff 83 00 f9 ff 9b 00 f9
0x0000000130343f9c:   08 84 40 91 1a f1 2d 91 ff 3b 00 f9 e1 13 00 f9
0x0000000130343fac:   e0 83 00 91 01 00 80 52 95 6b 01 94 48 3b 66 39
0x0000000130343fbc:   1f 05 00 71 61 00 00 54 48 bb 26 39 68 83 0c 39
0x0000000130343fcc:   ff 06 00 71 c8 0e 00 54 e0 83 00 91 01 00 80 52
0x0000000130343fdc:   8b 6b 01 94 a8 c2 54 b9 1f 05 00 71 8b 00 00 54
0x0000000130343fec:   e0 03 15 aa a6 bd 01 94 06 00 00 14 a8 e2 44 f9
0x0000000130343ffc:   08 31 40 39 68 00 00 34 e0 03 15 aa c0 bd 01 94
0x000000013034400c:   99 63 46 a9 3f 03 18 eb a0 01 00 54 20 03 40 f9
0x000000013034401c:   08 c0 54 b9 1f 05 00 71 6b 00 00 54 98 bd 01 94
0x000000013034402c:   05 00 00 14 08 e0 44 f9 08 31 40 39 48 00 00 34
0x000000013034403c:   b3 bd 01 94 39 23 00 91 f3 ff ff 17 ff ff 00 a9
0x000000013034404c:   ff 0f 00 f9 e5 23 00 91 e0 03 15 aa 21 00 80 52
0x000000013034405c:   e2 03 16 aa e3 03 40 f9 e4 03 14 aa 7d fc ff 97
0x000000013034406c:   68 8b 25 91 08 01 40 b9 88 00 00 34 e1 23 00 91
0x000000013034407c:   e0 03 15 aa 50 f4 00 94 e9 a3 40 a9 08 01 09 cb
0x000000013034408c:   08 fd 44 d3 a9 99 99 52 89 99 b9 72 08 7d 09 1b
0x000000013034409c:   88 7f 07 29 a8 92 40 91 08 31 27 91 1f 01 00 f9
0x00000001303440ac:   1f 11 00 79 95 3f 00 f9 e3 83 00 91 e4 23 00 91
0x00000001303440bc:   e0 03 15 aa 21 00 80 52 e2 03 13 aa 13 fd ff 97
0x00000001303440cc:   80 05 00 34 e0 83 00 91 01 00 80 52 4c 6b 01 94
0x00000001303440dc:   e8 23 40 f9 88 05 00 b4 09 05 40 f9 29 65 40 39
0x00000001303440ec:   c9 01 08 37 09 91 40 f9 29 31 42 39 3f 29 00 71 


Stack slot to memory mapping:

stack at sp + 0 slots: 0x0 is null
stack at sp + 1 slots: 0x0000000135a22010 points into unknown readable memory: 0x0000000135a21e30 | 30 1e a2 35 01 00 00 00
stack at sp + 2 slots: 0x0 is null
stack at sp + 3 slots: 0x0 is null
stack at sp + 4 slots: 0x00006000024d9c70 points into unknown readable memory: 0x0000000000000000 | 00 00 00 00 00 00 00 00
stack at sp + 5 slots: 0x0 is null
stack at sp + 6 slots: 0x0 is null
stack at sp + 7 slots: 0x0 is null


---------------  P R O C E S S  ---------------

Threads class SMR info:
_java_thread_list=0x00006000007fe240, length=12, elements={
0x0000000145008200, 0x0000000136008200, 0x000000015480dc00, 0x000000014480e400,
0x000000014480d600, 0x0000000144813c00, 0x000000013680a400, 0x00000001450b4a00,
0x00000001450b5200, 0x0000000136854200, 0x0000000136ad5c00, 0x00000001456a5600
}

Java Threads: ( => current thread )
=>0x0000000145008200 JavaThread "main"                              [_thread_in_native, id=4355, stack(0x000000016b2b8000,0x000000016b4bb000) (2060K)]
  0x0000000136008200 JavaThread "Reference Handler"          daemon [_thread_blocked, id=31747, stack(0x000000016c430000,0x000000016c633000) (2060K)]
  0x000000015480dc00 JavaThread "Finalizer"                  daemon [_thread_blocked, id=31491, stack(0x000000016c63c000,0x000000016c83f000) (2060K)]
  0x000000014480e400 JavaThread "Signal Dispatcher"          daemon [_thread_blocked, id=23043, stack(0x000000016c848000,0x000000016ca4b000) (2060K)]
  0x000000014480d600 JavaThread "Service Thread"             daemon [_thread_blocked, id=31235, stack(0x000000016ca54000,0x000000016cc57000) (2060K)]
  0x0000000144813c00 JavaThread "Monitor Deflation Thread"   daemon [_thread_blocked, id=23811, stack(0x000000016cc60000,0x000000016ce63000) (2060K)]
  0x000000013680a400 JavaThread "C2 CompilerThread0"         daemon [_thread_blocked, id=24323, stack(0x000000016ce6c000,0x000000016d06f000) (2060K)]
  0x00000001450b4a00 JavaThread "C1 CompilerThread0"         daemon [_thread_blocked, id=24835, stack(0x000000016d078000,0x000000016d27b000) (2060K)]
  0x00000001450b5200 JavaThread "Notification Thread"        daemon [_thread_blocked, id=30723, stack(0x000000016d284000,0x000000016d487000) (2060K)]
  0x0000000136854200 JavaThread "Common-Cleaner"             daemon [_thread_blocked, id=30211, stack(0x000000016d490000,0x000000016d693000) (2060K)]
  0x0000000136ad5c00 JavaThread "Java2D Disposer"            daemon [_thread_blocked, id=25863, stack(0x000000016d69c000,0x000000016d89f000) (2060K)]
  0x00000001456a5600 JavaThread "JNA Cleaner"                daemon [_thread_blocked, id=27139, stack(0x000000016e908000,0x000000016eb0b000) (2060K)]
Total: 12

Other Threads:
  0x000000013460ea50 VMThread "VM Thread"                           [id=18179, stack(0x000000016c10c000,0x000000016c30f000) (2060K)]
  0x000000013460c200 WatcherThread "VM Periodic Task Thread"        [id=16643, stack(0x000000016bf00000,0x000000016c103000) (2060K)]
  0x0000000134606ae0 WorkerThread "GC Thread#0"                     [id=12803, stack(0x000000016b4c4000,0x000000016b6c7000) (2060K)]
  0x000000013461fcd0 WorkerThread "GC Thread#1"                     [id=25351, stack(0x000000016d8a8000,0x000000016daab000) (2060K)]
  0x0000000134620240 WorkerThread "GC Thread#2"                     [id=25607, stack(0x000000016dab4000,0x000000016dcb7000) (2060K)]
  0x00000001346207b0 WorkerThread "GC Thread#3"                     [id=26371, stack(0x000000016dcc0000,0x000000016dec3000) (2060K)]
  0x0000000134620d20 WorkerThread "GC Thread#4"                     [id=29187, stack(0x000000016decc000,0x000000016e0cf000) (2060K)]
  0x0000000134621680 WorkerThread "GC Thread#5"                     [id=28675, stack(0x000000016e0d8000,0x000000016e2db000) (2060K)]
  0x0000000134621fe0 WorkerThread "GC Thread#6"                     [id=26883, stack(0x000000016e2e4000,0x000000016e4e7000) (2060K)]
  0x0000000134622940 WorkerThread "GC Thread#7"                     [id=28163, stack(0x000000016e4f0000,0x000000016e6f3000) (2060K)]
  0x00000001346232a0 WorkerThread "GC Thread#8"                     [id=27651, stack(0x000000016e6fc000,0x000000016e8ff000) (2060K)]
  0x0000000134607280 ConcurrentGCThread "G1 Main Marker"            [id=13315, stack(0x000000016b6d0000,0x000000016b8d3000) (2060K)]
  0x0000000134607bf0 WorkerThread "G1 Conc#0"                       [id=14339, stack(0x000000016b8dc000,0x000000016badf000) (2060K)]
  0x000000014509fe00 ConcurrentGCThread "G1 Refine#0"               [id=13827, stack(0x000000016bae8000,0x000000016bceb000) (2060K)]
  0x000000013460a3d0 ConcurrentGCThread "G1 Service"                [id=21507, stack(0x000000016bcf4000,0x000000016bef7000) (2060K)]
Total: 15

Threads with active compile tasks:
Total: 0

VM state: not at safepoint (normal execution)

VM Mutex/Monitor currently owned by a thread: None

Heap address: 0x0000000600000000, size: 8192 MB, Compressed Oops mode: Zero based, Oop shift amount: 3

CDS archive(s) mapped at: [0x0000007000000000-0x0000007000ca4000-0x0000007000ca4000), size 13254656, SharedBaseAddress: 0x0000007000000000, ArchiveRelocationMode: 1.
Compressed class space mapped at: 0x0000007001000000-0x0000007041000000, reserved size: 1073741824
Narrow klass base: 0x0000007000000000, Narrow klass shift: 0, Narrow klass range: 0x100000000

GC Precious Log:
 CardTable entry size: 512
 Card Set container configuration: InlinePtr #cards 4 size 8 Array Of Cards #cards 32 size 80 Howl #buckets 8 coarsen threshold 7372 Howl Bitmap #cards 1024 size 144 coarsen threshold 921 Card regions per heap region 1 cards per card region 8192
 CPUs: 10 total, 10 available
 Memory: 32768M
 Large Page Support: Disabled
 NUMA Support: Disabled
 Compressed Oops: Enabled (Zero based)
 Heap Region Size: 4M
 Heap Min Capacity: 8M
 Heap Initial Capacity: 512M
 Heap Max Capacity: 8G
 Pre-touch: Disabled
 Parallel Workers: 9
 Concurrent Workers: 2
 Concurrent Refinement Workers: 9
 Periodic GC: Disabled

Heap:
 garbage-first heap   total 528384K, used 15987K [0x0000000600000000, 0x0000000800000000)
  region size 4096K, 4 young (16384K), 1 survivors (4096K)
 Metaspace       used 4940K, committed 5184K, reserved 1114112K
  class space    used 481K, committed 576K, reserved 1048576K

Heap Regions: E=young(eden), S=young(survivor), O=old, HS=humongous(starts), HC=humongous(continues), CS=collection set, F=free, TAMS=top-at-mark-start, PB=parsable bottom
|   0|0x0000000600000000, 0x0000000600400000, 0x0000000600400000|100%| O|  |TAMS 0x0000000600000000| PB 0x0000000600000000| Untracked 
|   1|0x0000000600400000, 0x0000000600699788, 0x0000000600800000| 64%| O|  |TAMS 0x0000000600400000| PB 0x0000000600400000| Untracked 
|   2|0x0000000600800000, 0x0000000600800000, 0x0000000600c00000|  0%| F|  |TAMS 0x0000000600800000| PB 0x0000000600800000| Untracked 
|   3|0x0000000600c00000, 0x0000000600c00000, 0x0000000601000000|  0%| F|  |TAMS 0x0000000600c00000| PB 0x0000000600c00000| Untracked 
|   4|0x0000000601000000, 0x0000000601000000, 0x0000000601400000|  0%| F|  |TAMS 0x0000000601000000| PB 0x0000000601000000| Untracked 
|   5|0x0000000601400000, 0x0000000601400000, 0x0000000601800000|  0%| F|  |TAMS 0x0000000601400000| PB 0x0000000601400000| Untracked 
|   6|0x0000000601800000, 0x0000000601800000, 0x0000000601c00000|  0%| F|  |TAMS 0x0000000601800000| PB 0x0000000601800000| Untracked 
|   7|0x0000000601c00000, 0x0000000601c00000, 0x0000000602000000|  0%| F|  |TAMS 0x0000000601c00000| PB 0x0000000601c00000| Untracked 
|   8|0x0000000602000000, 0x0000000602000000, 0x0000000602400000|  0%| F|  |TAMS 0x0000000602000000| PB 0x0000000602000000| Untracked 
|   9|0x0000000602400000, 0x0000000602400000, 0x0000000602800000|  0%| F|  |TAMS 0x0000000602400000| PB 0x0000000602400000| Untracked 
|  10|0x0000000602800000, 0x0000000602800000, 0x0000000602c00000|  0%| F|  |TAMS 0x0000000602800000| PB 0x0000000602800000| Untracked 
|  11|0x0000000602c00000, 0x0000000602c00000, 0x0000000603000000|  0%| F|  |TAMS 0x0000000602c00000| PB 0x0000000602c00000| Untracked 
|  12|0x0000000603000000, 0x0000000603000000, 0x0000000603400000|  0%| F|  |TAMS 0x0000000603000000| PB 0x0000000603000000| Untracked 
|  13|0x0000000603400000, 0x0000000603400000, 0x0000000603800000|  0%| F|  |TAMS 0x0000000603400000| PB 0x0000000603400000| Untracked 
|  14|0x0000000603800000, 0x0000000603800000, 0x0000000603c00000|  0%| F|  |TAMS 0x0000000603800000| PB 0x0000000603800000| Untracked 
|  15|0x0000000603c00000, 0x0000000603c00000, 0x0000000604000000|  0%| F|  |TAMS 0x0000000603c00000| PB 0x0000000603c00000| Untracked 
|  16|0x0000000604000000, 0x0000000604000000, 0x0000000604400000|  0%| F|  |TAMS 0x0000000604000000| PB 0x0000000604000000| Untracked 
|  17|0x0000000604400000, 0x0000000604400000, 0x0000000604800000|  0%| F|  |TAMS 0x0000000604400000| PB 0x0000000604400000| Untracked 
|  18|0x0000000604800000, 0x0000000604800000, 0x0000000604c00000|  0%| F|  |TAMS 0x0000000604800000| PB 0x0000000604800000| Untracked 
|  19|0x0000000604c00000, 0x0000000604c00000, 0x0000000605000000|  0%| F|  |TAMS 0x0000000604c00000| PB 0x0000000604c00000| Untracked 
|  20|0x0000000605000000, 0x0000000605000000, 0x0000000605400000|  0%| F|  |TAMS 0x0000000605000000| PB 0x0000000605000000| Untracked 
|  21|0x0000000605400000, 0x0000000605400000, 0x0000000605800000|  0%| F|  |TAMS 0x0000000605400000| PB 0x0000000605400000| Untracked 
|  22|0x0000000605800000, 0x0000000605800000, 0x0000000605c00000|  0%| F|  |TAMS 0x0000000605800000| PB 0x0000000605800000| Untracked 
|  23|0x0000000605c00000, 0x0000000605c00000, 0x0000000606000000|  0%| F|  |TAMS 0x0000000605c00000| PB 0x0000000605c00000| Untracked 
|  24|0x0000000606000000, 0x0000000606000000, 0x0000000606400000|  0%| F|  |TAMS 0x0000000606000000| PB 0x0000000606000000| Untracked 
|  25|0x0000000606400000, 0x0000000606400000, 0x0000000606800000|  0%| F|  |TAMS 0x0000000606400000| PB 0x0000000606400000| Untracked 
|  26|0x0000000606800000, 0x0000000606800000, 0x0000000606c00000|  0%| F|  |TAMS 0x0000000606800000| PB 0x0000000606800000| Untracked 
|  27|0x0000000606c00000, 0x0000000606c00000, 0x0000000607000000|  0%| F|  |TAMS 0x0000000606c00000| PB 0x0000000606c00000| Untracked 
|  28|0x0000000607000000, 0x0000000607000000, 0x0000000607400000|  0%| F|  |TAMS 0x0000000607000000| PB 0x0000000607000000| Untracked 
|  29|0x0000000607400000, 0x0000000607400000, 0x0000000607800000|  0%| F|  |TAMS 0x0000000607400000| PB 0x0000000607400000| Untracked 
|  30|0x0000000607800000, 0x0000000607800000, 0x0000000607c00000|  0%| F|  |TAMS 0x0000000607800000| PB 0x0000000607800000| Untracked 
|  31|0x0000000607c00000, 0x0000000607c00000, 0x0000000608000000|  0%| F|  |TAMS 0x0000000607c00000| PB 0x0000000607c00000| Untracked 
|  32|0x0000000608000000, 0x0000000608000000, 0x0000000608400000|  0%| F|  |TAMS 0x0000000608000000| PB 0x0000000608000000| Untracked 
|  33|0x0000000608400000, 0x0000000608400000, 0x0000000608800000|  0%| F|  |TAMS 0x0000000608400000| PB 0x0000000608400000| Untracked 
|  34|0x0000000608800000, 0x0000000608800000, 0x0000000608c00000|  0%| F|  |TAMS 0x0000000608800000| PB 0x0000000608800000| Untracked 
|  35|0x0000000608c00000, 0x0000000608c00000, 0x0000000609000000|  0%| F|  |TAMS 0x0000000608c00000| PB 0x0000000608c00000| Untracked 
|  36|0x0000000609000000, 0x0000000609000000, 0x0000000609400000|  0%| F|  |TAMS 0x0000000609000000| PB 0x0000000609000000| Untracked 
|  37|0x0000000609400000, 0x0000000609400000, 0x0000000609800000|  0%| F|  |TAMS 0x0000000609400000| PB 0x0000000609400000| Untracked 
|  38|0x0000000609800000, 0x0000000609800000, 0x0000000609c00000|  0%| F|  |TAMS 0x0000000609800000| PB 0x0000000609800000| Untracked 
|  39|0x0000000609c00000, 0x0000000609c00000, 0x000000060a000000|  0%| F|  |TAMS 0x0000000609c00000| PB 0x0000000609c00000| Untracked 
|  40|0x000000060a000000, 0x000000060a000000, 0x000000060a400000|  0%| F|  |TAMS 0x000000060a000000| PB 0x000000060a000000| Untracked 
|  41|0x000000060a400000, 0x000000060a400000, 0x000000060a800000|  0%| F|  |TAMS 0x000000060a400000| PB 0x000000060a400000| Untracked 
|  42|0x000000060a800000, 0x000000060a800000, 0x000000060ac00000|  0%| F|  |TAMS 0x000000060a800000| PB 0x000000060a800000| Untracked 
|  43|0x000000060ac00000, 0x000000060ac00000, 0x000000060b000000|  0%| F|  |TAMS 0x000000060ac00000| PB 0x000000060ac00000| Untracked 
|  44|0x000000060b000000, 0x000000060b000000, 0x000000060b400000|  0%| F|  |TAMS 0x000000060b000000| PB 0x000000060b000000| Untracked 
|  45|0x000000060b400000, 0x000000060b400000, 0x000000060b800000|  0%| F|  |TAMS 0x000000060b400000| PB 0x000000060b400000| Untracked 
|  46|0x000000060b800000, 0x000000060b800000, 0x000000060bc00000|  0%| F|  |TAMS 0x000000060b800000| PB 0x000000060b800000| Untracked 
|  47|0x000000060bc00000, 0x000000060bc00000, 0x000000060c000000|  0%| F|  |TAMS 0x000000060bc00000| PB 0x000000060bc00000| Untracked 
|  48|0x000000060c000000, 0x000000060c000000, 0x000000060c400000|  0%| F|  |TAMS 0x000000060c000000| PB 0x000000060c000000| Untracked 
|  49|0x000000060c400000, 0x000000060c400000, 0x000000060c800000|  0%| F|  |TAMS 0x000000060c400000| PB 0x000000060c400000| Untracked 
|  50|0x000000060c800000, 0x000000060c800000, 0x000000060cc00000|  0%| F|  |TAMS 0x000000060c800000| PB 0x000000060c800000| Untracked 
|  51|0x000000060cc00000, 0x000000060cc00000, 0x000000060d000000|  0%| F|  |TAMS 0x000000060cc00000| PB 0x000000060cc00000| Untracked 
|  52|0x000000060d000000, 0x000000060d000000, 0x000000060d400000|  0%| F|  |TAMS 0x000000060d000000| PB 0x000000060d000000| Untracked 
|  53|0x000000060d400000, 0x000000060d400000, 0x000000060d800000|  0%| F|  |TAMS 0x000000060d400000| PB 0x000000060d400000| Untracked 
|  54|0x000000060d800000, 0x000000060d800000, 0x000000060dc00000|  0%| F|  |TAMS 0x000000060d800000| PB 0x000000060d800000| Untracked 
|  55|0x000000060dc00000, 0x000000060dc00000, 0x000000060e000000|  0%| F|  |TAMS 0x000000060dc00000| PB 0x000000060dc00000| Untracked 
|  56|0x000000060e000000, 0x000000060e000000, 0x000000060e400000|  0%| F|  |TAMS 0x000000060e000000| PB 0x000000060e000000| Untracked 
|  57|0x000000060e400000, 0x000000060e400000, 0x000000060e800000|  0%| F|  |TAMS 0x000000060e400000| PB 0x000000060e400000| Untracked 
|  58|0x000000060e800000, 0x000000060e800000, 0x000000060ec00000|  0%| F|  |TAMS 0x000000060e800000| PB 0x000000060e800000| Untracked 
|  59|0x000000060ec00000, 0x000000060ec00000, 0x000000060f000000|  0%| F|  |TAMS 0x000000060ec00000| PB 0x000000060ec00000| Untracked 
|  60|0x000000060f000000, 0x000000060f000000, 0x000000060f400000|  0%| F|  |TAMS 0x000000060f000000| PB 0x000000060f000000| Untracked 
|  61|0x000000060f400000, 0x000000060f400000, 0x000000060f800000|  0%| F|  |TAMS 0x000000060f400000| PB 0x000000060f400000| Untracked 
|  62|0x000000060f800000, 0x000000060f800000, 0x000000060fc00000|  0%| F|  |TAMS 0x000000060f800000| PB 0x000000060f800000| Untracked 
|  63|0x000000060fc00000, 0x000000060fc00000, 0x0000000610000000|  0%| F|  |TAMS 0x000000060fc00000| PB 0x000000060fc00000| Untracked 
|  64|0x0000000610000000, 0x0000000610000000, 0x0000000610400000|  0%| F|  |TAMS 0x0000000610000000| PB 0x0000000610000000| Untracked 
|  65|0x0000000610400000, 0x0000000610400000, 0x0000000610800000|  0%| F|  |TAMS 0x0000000610400000| PB 0x0000000610400000| Untracked 
|  66|0x0000000610800000, 0x0000000610800000, 0x0000000610c00000|  0%| F|  |TAMS 0x0000000610800000| PB 0x0000000610800000| Untracked 
|  67|0x0000000610c00000, 0x0000000610c00000, 0x0000000611000000|  0%| F|  |TAMS 0x0000000610c00000| PB 0x0000000610c00000| Untracked 
|  68|0x0000000611000000, 0x0000000611000000, 0x0000000611400000|  0%| F|  |TAMS 0x0000000611000000| PB 0x0000000611000000| Untracked 
|  69|0x0000000611400000, 0x0000000611400000, 0x0000000611800000|  0%| F|  |TAMS 0x0000000611400000| PB 0x0000000611400000| Untracked 
|  70|0x0000000611800000, 0x0000000611800000, 0x0000000611c00000|  0%| F|  |TAMS 0x0000000611800000| PB 0x0000000611800000| Untracked 
|  71|0x0000000611c00000, 0x0000000611c00000, 0x0000000612000000|  0%| F|  |TAMS 0x0000000611c00000| PB 0x0000000611c00000| Untracked 
|  72|0x0000000612000000, 0x0000000612000000, 0x0000000612400000|  0%| F|  |TAMS 0x0000000612000000| PB 0x0000000612000000| Untracked 
|  73|0x0000000612400000, 0x0000000612400000, 0x0000000612800000|  0%| F|  |TAMS 0x0000000612400000| PB 0x0000000612400000| Untracked 
|  74|0x0000000612800000, 0x0000000612800000, 0x0000000612c00000|  0%| F|  |TAMS 0x0000000612800000| PB 0x0000000612800000| Untracked 
|  75|0x0000000612c00000, 0x0000000612c00000, 0x0000000613000000|  0%| F|  |TAMS 0x0000000612c00000| PB 0x0000000612c00000| Untracked 
|  76|0x0000000613000000, 0x0000000613000000, 0x0000000613400000|  0%| F|  |TAMS 0x0000000613000000| PB 0x0000000613000000| Untracked 
|  77|0x0000000613400000, 0x0000000613400000, 0x0000000613800000|  0%| F|  |TAMS 0x0000000613400000| PB 0x0000000613400000| Untracked 
|  78|0x0000000613800000, 0x0000000613800000, 0x0000000613c00000|  0%| F|  |TAMS 0x0000000613800000| PB 0x0000000613800000| Untracked 
|  79|0x0000000613c00000, 0x0000000613c00000, 0x0000000614000000|  0%| F|  |TAMS 0x0000000613c00000| PB 0x0000000613c00000| Untracked 
|  80|0x0000000614000000, 0x0000000614000000, 0x0000000614400000|  0%| F|  |TAMS 0x0000000614000000| PB 0x0000000614000000| Untracked 
|  81|0x0000000614400000, 0x0000000614400000, 0x0000000614800000|  0%| F|  |TAMS 0x0000000614400000| PB 0x0000000614400000| Untracked 
|  82|0x0000000614800000, 0x0000000614800000, 0x0000000614c00000|  0%| F|  |TAMS 0x0000000614800000| PB 0x0000000614800000| Untracked 
|  83|0x0000000614c00000, 0x0000000614c00000, 0x0000000615000000|  0%| F|  |TAMS 0x0000000614c00000| PB 0x0000000614c00000| Untracked 
|  84|0x0000000615000000, 0x0000000615000000, 0x0000000615400000|  0%| F|  |TAMS 0x0000000615000000| PB 0x0000000615000000| Untracked 
|  85|0x0000000615400000, 0x0000000615400000, 0x0000000615800000|  0%| F|  |TAMS 0x0000000615400000| PB 0x0000000615400000| Untracked 
|  86|0x0000000615800000, 0x0000000615800000, 0x0000000615c00000|  0%| F|  |TAMS 0x0000000615800000| PB 0x0000000615800000| Untracked 
|  87|0x0000000615c00000, 0x0000000615c00000, 0x0000000616000000|  0%| F|  |TAMS 0x0000000615c00000| PB 0x0000000615c00000| Untracked 
|  88|0x0000000616000000, 0x0000000616000000, 0x0000000616400000|  0%| F|  |TAMS 0x0000000616000000| PB 0x0000000616000000| Untracked 
|  89|0x0000000616400000, 0x0000000616400000, 0x0000000616800000|  0%| F|  |TAMS 0x0000000616400000| PB 0x0000000616400000| Untracked 
|  90|0x0000000616800000, 0x0000000616800000, 0x0000000616c00000|  0%| F|  |TAMS 0x0000000616800000| PB 0x0000000616800000| Untracked 
|  91|0x0000000616c00000, 0x0000000616c00000, 0x0000000617000000|  0%| F|  |TAMS 0x0000000616c00000| PB 0x0000000616c00000| Untracked 
|  92|0x0000000617000000, 0x0000000617000000, 0x0000000617400000|  0%| F|  |TAMS 0x0000000617000000| PB 0x0000000617000000| Untracked 
|  93|0x0000000617400000, 0x0000000617400000, 0x0000000617800000|  0%| F|  |TAMS 0x0000000617400000| PB 0x0000000617400000| Untracked 
|  94|0x0000000617800000, 0x0000000617800000, 0x0000000617c00000|  0%| F|  |TAMS 0x0000000617800000| PB 0x0000000617800000| Untracked 
|  95|0x0000000617c00000, 0x0000000617c00000, 0x0000000618000000|  0%| F|  |TAMS 0x0000000617c00000| PB 0x0000000617c00000| Untracked 
|  96|0x0000000618000000, 0x0000000618000000, 0x0000000618400000|  0%| F|  |TAMS 0x0000000618000000| PB 0x0000000618000000| Untracked 
|  97|0x0000000618400000, 0x0000000618400000, 0x0000000618800000|  0%| F|  |TAMS 0x0000000618400000| PB 0x0000000618400000| Untracked 
|  98|0x0000000618800000, 0x0000000618800000, 0x0000000618c00000|  0%| F|  |TAMS 0x0000000618800000| PB 0x0000000618800000| Untracked 
|  99|0x0000000618c00000, 0x0000000618c00000, 0x0000000619000000|  0%| F|  |TAMS 0x0000000618c00000| PB 0x0000000618c00000| Untracked 
| 100|0x0000000619000000, 0x0000000619000000, 0x0000000619400000|  0%| F|  |TAMS 0x0000000619000000| PB 0x0000000619000000| Untracked 
| 101|0x0000000619400000, 0x0000000619400000, 0x0000000619800000|  0%| F|  |TAMS 0x0000000619400000| PB 0x0000000619400000| Untracked 
| 102|0x0000000619800000, 0x0000000619800000, 0x0000000619c00000|  0%| F|  |TAMS 0x0000000619800000| PB 0x0000000619800000| Untracked 
| 103|0x0000000619c00000, 0x0000000619c00000, 0x000000061a000000|  0%| F|  |TAMS 0x0000000619c00000| PB 0x0000000619c00000| Untracked 
| 104|0x000000061a000000, 0x000000061a000000, 0x000000061a400000|  0%| F|  |TAMS 0x000000061a000000| PB 0x000000061a000000| Untracked 
| 105|0x000000061a400000, 0x000000061a400000, 0x000000061a800000|  0%| F|  |TAMS 0x000000061a400000| PB 0x000000061a400000| Untracked 
| 106|0x000000061a800000, 0x000000061a800000, 0x000000061ac00000|  0%| F|  |TAMS 0x000000061a800000| PB 0x000000061a800000| Untracked 
| 107|0x000000061ac00000, 0x000000061ac00000, 0x000000061b000000|  0%| F|  |TAMS 0x000000061ac00000| PB 0x000000061ac00000| Untracked 
| 108|0x000000061b000000, 0x000000061b000000, 0x000000061b400000|  0%| F|  |TAMS 0x000000061b000000| PB 0x000000061b000000| Untracked 
| 109|0x000000061b400000, 0x000000061b400000, 0x000000061b800000|  0%| F|  |TAMS 0x000000061b400000| PB 0x000000061b400000| Untracked 
| 110|0x000000061b800000, 0x000000061b800000, 0x000000061bc00000|  0%| F|  |TAMS 0x000000061b800000| PB 0x000000061b800000| Untracked 
| 111|0x000000061bc00000, 0x000000061bc00000, 0x000000061c000000|  0%| F|  |TAMS 0x000000061bc00000| PB 0x000000061bc00000| Untracked 
| 112|0x000000061c000000, 0x000000061c000000, 0x000000061c400000|  0%| F|  |TAMS 0x000000061c000000| PB 0x000000061c000000| Untracked 
| 113|0x000000061c400000, 0x000000061c400000, 0x000000061c800000|  0%| F|  |TAMS 0x000000061c400000| PB 0x000000061c400000| Untracked 
| 114|0x000000061c800000, 0x000000061c800000, 0x000000061cc00000|  0%| F|  |TAMS 0x000000061c800000| PB 0x000000061c800000| Untracked 
| 115|0x000000061cc00000, 0x000000061cc00000, 0x000000061d000000|  0%| F|  |TAMS 0x000000061cc00000| PB 0x000000061cc00000| Untracked 
| 116|0x000000061d000000, 0x000000061d000000, 0x000000061d400000|  0%| F|  |TAMS 0x000000061d000000| PB 0x000000061d000000| Untracked 
| 117|0x000000061d400000, 0x000000061d400000, 0x000000061d800000|  0%| F|  |TAMS 0x000000061d400000| PB 0x000000061d400000| Untracked 
| 118|0x000000061d800000, 0x000000061d800000, 0x000000061dc00000|  0%| F|  |TAMS 0x000000061d800000| PB 0x000000061d800000| Untracked 
| 119|0x000000061dc00000, 0x000000061dc00000, 0x000000061e000000|  0%| F|  |TAMS 0x000000061dc00000| PB 0x000000061dc00000| Untracked 
| 120|0x000000061e000000, 0x000000061e000000, 0x000000061e400000|  0%| F|  |TAMS 0x000000061e000000| PB 0x000000061e000000| Untracked 
| 121|0x000000061e400000, 0x000000061e800000, 0x000000061e800000|100%| S|CS|TAMS 0x000000061e400000| PB 0x000000061e400000| Complete 
| 122|0x000000061e800000, 0x000000061e800000, 0x000000061ec00000|  0%| F|  |TAMS 0x000000061e800000| PB 0x000000061e800000| Untracked 
| 123|0x000000061ec00000, 0x000000061ec00000, 0x000000061f000000|  0%| F|  |TAMS 0x000000061ec00000| PB 0x000000061ec00000| Untracked 
| 124|0x000000061f000000, 0x000000061f000000, 0x000000061f400000|  0%| F|  |TAMS 0x000000061f000000| PB 0x000000061f000000| Untracked 
| 125|0x000000061f400000, 0x000000061f7cc140, 0x000000061f800000| 94%| E|  |TAMS 0x000000061f400000| PB 0x000000061f400000| Complete 
| 126|0x000000061f800000, 0x000000061fb0f198, 0x000000061fc00000| 76%| E|  |TAMS 0x000000061f800000| PB 0x000000061f800000| Complete 
| 127|0x000000061fc00000, 0x0000000620000000, 0x0000000620000000|100%| E|CS|TAMS 0x000000061fc00000| PB 0x000000061fc00000| Complete 
|2047|0x00000007ffc00000, 0x00000007ffd03480, 0x0000000800000000| 25%| O|  |TAMS 0x00000007ffc00000| PB 0x00000007ffc00000| Untracked 

Card table byte_map: [0x000000011e970000,0x000000011f970000] _byte_map_base: 0x000000011b970000

Marking Bits: (CMBitMap*) 0x000000014503b810
 Bits: [0x000000011f970000, 0x0000000127970000)

Polling page: 0x0000000104c68000

Metaspace:

Usage:
  Non-class:      4.35 MB used.
      Class:    481.71 KB used.
       Both:      4.83 MB used.

Virtual space:
  Non-class space:       64.00 MB reserved,       4.50 MB (  7%) committed,  1 nodes.
      Class space:        1.00 GB reserved,     576.00 KB ( <1%) committed,  1 nodes.
             Both:        1.06 GB reserved,       5.06 MB ( <1%) committed. 

Chunk freelists:
   Non-Class:  10.59 MB
       Class:  15.25 MB
        Both:  25.84 MB

MaxMetaspaceSize: unlimited
CompressedClassSpaceSize: 1.00 GB
Initial GC threshold: 21.00 MB
Current GC threshold: 21.00 MB
CDS: on
 - commit_granule_bytes: 65536.
 - commit_granule_words: 8192.
 - virtual_space_node_default_size: 8388608.
 - enlarge_chunks_in_place: 1.
 - use_allocation_guard: 0.


Internal statistics:

num_allocs_failed_limit: 0.
num_arena_births: 138.
num_arena_deaths: 0.
num_vsnodes_births: 2.
num_vsnodes_deaths: 0.
num_space_committed: 81.
num_space_uncommitted: 0.
num_chunks_returned_to_freelist: 0.
num_chunks_taken_from_freelist: 260.
num_chunk_merges: 0.
num_chunk_splits: 149.
num_chunks_enlarged: 66.
num_inconsistent_stats: 0.

CodeHeap 'non-profiled nmethods': size=120032Kb used=386Kb max_used=386Kb free=119645Kb
 bounds [0x0000000117438000, 0x00000001176a8000, 0x000000011e970000]
CodeHeap 'profiled nmethods': size=120016Kb used=2016Kb max_used=2016Kb free=117999Kb
 bounds [0x000000010f970000, 0x000000010fbe0000, 0x0000000116ea4000]
CodeHeap 'non-nmethods': size=5712Kb used=1339Kb max_used=1354Kb free=4373Kb
 bounds [0x0000000116ea4000, 0x0000000117114000, 0x0000000117438000]
 total_blobs=1549 nmethods=1049 adapters=409
 compilation: enabled
              stopped_count=0, restarted_count=0
 full_count=0

Compilation events (20 events):
Event: 0.452 Thread 0x000000013680a400 1049       4       sun.awt.image.ByteInterleavedRaster::putByteData (834 bytes)
Event: 0.455 Thread 0x000000013680a400 nmethod 1049 0x0000000117494f10 code [0x0000000117495100, 0x00000001174956b8]
Event: 0.455 Thread 0x000000013680a400 1055 %     4       com.sun.imageio.plugins.png.PNGImageReader::decodeSubFilter @ 3 (54 bytes)
Event: 0.459 Thread 0x000000013680a400 nmethod 1055% 0x0000000117495a90 code [0x0000000117495c40, 0x0000000117496010]
Event: 0.459 Thread 0x000000013680a400 1056 %     4       sun.awt.image.ByteInterleavedRaster::getByteData @ 646 (851 bytes)
Event: 0.461 Thread 0x00000001450b4a00 1057       3       jdk.internal.loader.ClassLoaders$BootClassLoader::loadClassOrNull (10 bytes)
Event: 0.461 Thread 0x00000001450b4a00 nmethod 1057 0x000000010fb65b10 code [0x000000010fb65d00, 0x000000010fb66000]
Event: 0.461 Thread 0x00000001450b4a00 1058   !   3       jdk.internal.loader.BuiltinClassLoader::findClassOnClassPathOrNull (64 bytes)
Event: 0.462 Thread 0x00000001450b4a00 nmethod 1058 0x000000010fb66190 code [0x000000010fb66640, 0x000000010fb67b10]
Event: 0.463 Thread 0x000000013680a400 nmethod 1056% 0x0000000117496190 code [0x0000000117496340, 0x0000000117496a98]
Event: 0.463 Thread 0x000000013680a400 1033       4       com.sun.imageio.plugins.png.PNGImageReader::decodeUpFilter (53 bytes)
Event: 0.466 Thread 0x000000013680a400 nmethod 1033 0x0000000117496d10 code [0x0000000117496e80, 0x0000000117497150]
Event: 0.466 Thread 0x000000013680a400 1053       4       com.sun.imageio.plugins.png.PNGImageReader::decodePaethFilter (143 bytes)
Event: 0.469 Thread 0x000000013680a400 nmethod 1053 0x0000000117497210 code [0x0000000117497380, 0x0000000117497720]
Event: 0.469 Thread 0x000000013680a400 1034       4       java.io.BufferedInputStream::getBufIfOpen (61 bytes)
Event: 0.470 Thread 0x000000013680a400 nmethod 1034 0x0000000117497890 code [0x0000000117497a40, 0x0000000117497cf8]
Event: 0.470 Thread 0x000000013680a400 1029       4       jdk.internal.misc.InternalLock::lock (8 bytes)
Event: 0.471 Thread 0x000000013680a400 nmethod 1029 0x0000000117497e10 code [0x0000000117498000, 0x0000000117498390]
Event: 0.471 Thread 0x000000013680a400 1041   !   4       java.util.zip.Inflater::finished (19 bytes)
Event: 0.471 Thread 0x000000013680a400 nmethod 1041 0x0000000117498510 code [0x0000000117498680, 0x0000000117498888]

GC Heap History (2 events):
Event: 0.207 GC heap before
{Heap before GC invocations=0 (full 0):
 garbage-first heap   total 528384K, used 21517K [0x0000000600000000, 0x0000000800000000)
  region size 4096K, 6 young (24576K), 0 survivors (0K)
 Metaspace       used 3411K, committed 3584K, reserved 1114112K
  class space    used 314K, committed 384K, reserved 1048576K
}
Event: 0.209 GC heap after
{Heap after GC invocations=1 (full 0):
 garbage-first heap   total 528384K, used 11891K [0x0000000600000000, 0x0000000800000000)
  region size 4096K, 1 young (4096K), 1 survivors (4096K)
 Metaspace       used 3411K, committed 3584K, reserved 1114112K
  class space    used 314K, committed 384K, reserved 1048576K
}

Dll operation events (7 events):
Event: 0.004 Loaded shared library /Users/jyp/Library/Java/JavaVirtualMachines/corretto-21.0.3/Contents/Home/lib/libjava.dylib
Event: 0.031 Loaded shared library /Users/jyp/Library/Java/JavaVirtualMachines/corretto-21.0.3/Contents/Home/lib/libnio.dylib
Event: 0.033 Loaded shared library /Users/jyp/Library/Java/JavaVirtualMachines/corretto-21.0.3/Contents/Home/lib/libzip.dylib
Event: 0.070 Loaded shared library /Users/jyp/Library/Java/JavaVirtualMachines/corretto-21.0.3/Contents/Home/lib/libjimage.dylib
Event: 0.176 Loaded shared library /Users/jyp/Library/Java/JavaVirtualMachines/corretto-21.0.3/Contents/Home/lib/libawt.dylib
Event: 0.177 Loaded shared library /Users/jyp/Library/Java/JavaVirtualMachines/corretto-21.0.3/Contents/Home/lib/libawt_lwawt.dylib
Event: 0.378 Loaded shared library /Users/jyp/Library/Caches/JNA/temp/jna1478086749551777761.tmp

Deoptimization events (20 events):
Event: 0.455 Thread 0x0000000145008200 DEOPT PACKING pc=0x000000010fb58120 sp=0x000000016b4ba620
Event: 0.455 Thread 0x0000000145008200 DEOPT UNPACKING pc=0x0000000116ee6e7c sp=0x000000016b4ba2c0 mode 0
Event: 0.455 Thread 0x0000000145008200 DEOPT PACKING pc=0x000000010fb58120 sp=0x000000016b4ba620
Event: 0.455 Thread 0x0000000145008200 DEOPT UNPACKING pc=0x0000000116ee6e7c sp=0x000000016b4ba2c0 mode 0
Event: 0.455 Thread 0x0000000145008200 DEOPT PACKING pc=0x000000010fb58120 sp=0x000000016b4ba620
Event: 0.455 Thread 0x0000000145008200 DEOPT UNPACKING pc=0x0000000116ee6e7c sp=0x000000016b4ba2c0 mode 0
Event: 0.455 Thread 0x0000000145008200 DEOPT PACKING pc=0x000000010fb58120 sp=0x000000016b4ba620
Event: 0.455 Thread 0x0000000145008200 DEOPT UNPACKING pc=0x0000000116ee6e7c sp=0x000000016b4ba2c0 mode 0
Event: 0.455 Thread 0x0000000145008200 DEOPT PACKING pc=0x000000010fb58120 sp=0x000000016b4ba620
Event: 0.455 Thread 0x0000000145008200 DEOPT UNPACKING pc=0x0000000116ee6e7c sp=0x000000016b4ba2c0 mode 0
Event: 0.455 Thread 0x0000000145008200 DEOPT PACKING pc=0x000000010fb58120 sp=0x000000016b4ba620
Event: 0.455 Thread 0x0000000145008200 DEOPT UNPACKING pc=0x0000000116ee6e7c sp=0x000000016b4ba2c0 mode 0
Event: 0.455 Thread 0x0000000145008200 DEOPT PACKING pc=0x000000010fb58120 sp=0x000000016b4ba620
Event: 0.455 Thread 0x0000000145008200 DEOPT UNPACKING pc=0x0000000116ee6e7c sp=0x000000016b4ba2c0 mode 0
Event: 0.455 Thread 0x0000000145008200 DEOPT PACKING pc=0x000000010fb58120 sp=0x000000016b4ba620
Event: 0.455 Thread 0x0000000145008200 DEOPT UNPACKING pc=0x0000000116ee6e7c sp=0x000000016b4ba2c0 mode 0
Event: 0.455 Thread 0x0000000145008200 DEOPT PACKING pc=0x000000010fb58120 sp=0x000000016b4ba620
Event: 0.455 Thread 0x0000000145008200 DEOPT UNPACKING pc=0x0000000116ee6e7c sp=0x000000016b4ba2c0 mode 0
Event: 0.455 Thread 0x0000000145008200 DEOPT PACKING pc=0x000000010fb58120 sp=0x000000016b4ba620
Event: 0.455 Thread 0x0000000145008200 DEOPT UNPACKING pc=0x0000000116ee6e7c sp=0x000000016b4ba2c0 mode 0

Classes loaded (20 events):
Event: 0.433 Loading class java/awt/ImageCapabilities
Event: 0.433 Loading class java/awt/ImageCapabilities done
Event: 0.433 Loading class java/awt/Image$1
Event: 0.433 Loading class sun/awt/image/SurfaceManager$ImageAccessor
Event: 0.433 Loading class sun/awt/image/SurfaceManager$ImageAccessor done
Event: 0.433 Loading class java/awt/Image$1 done
Event: 0.433 Loading class sun/awt/image/SurfaceManager
Event: 0.433 Loading class sun/awt/image/SurfaceManager done
Event: 0.434 Loading class java/awt/image/BufferedImage$1
Event: 0.434 Loading class java/awt/image/BufferedImage$1 done
Event: 0.434 Loading class sun/awt/image/IntegerComponentRaster
Event: 0.434 Loading class sun/awt/image/IntegerComponentRaster done
Event: 0.434 Loading class sun/awt/image/ShortComponentRaster
Event: 0.434 Loading class sun/awt/image/ShortComponentRaster done
Event: 0.434 Loading class com/sun/imageio/plugins/common/ReaderUtil
Event: 0.434 Loading class com/sun/imageio/plugins/common/ReaderUtil done
Event: 0.454 Loading class javax/imageio/IIOImage
Event: 0.454 Loading class javax/imageio/IIOImage done
Event: 0.461 Loading class java/nio/DirectByteBuffer$Deallocator
Event: 0.461 Loading class java/nio/DirectByteBuffer$Deallocator done

Classes unloaded (0 events):
No events

Classes redefined (0 events):
No events

Internal exceptions (6 events):
Event: 0.146 Thread 0x0000000145008200 Exception <a 'java/lang/NoSuchMethodError'{0x000000061ee90f10}: 'java.lang.Object java.lang.invoke.DirectMethodHandle$Holder.invokeSpecial(java.lang.Object, java.lang.Object, java.lang.Object, long, java.lang.Object)'> (0x000000061ee90f10) 
thrown [src/hotspot/share/interpreter/linkResolver.cpp, line 773]
Event: 0.146 Thread 0x0000000145008200 Exception <a 'java/lang/NoSuchMethodError'{0x000000061ee94860}: 'java.lang.Object java.lang.invoke.Invokers$Holder.linkToTargetMethod(java.lang.Object, long, java.lang.Object, java.lang.Object)'> (0x000000061ee94860) 
thrown [src/hotspot/share/interpreter/linkResolver.cpp, line 773]
Event: 0.172 Thread 0x0000000145008200 Exception <a 'java/lang/ClassNotFoundException'{0x000000061e93dce0}: sun/awt/resources/spi/awtProvider> (0x000000061e93dce0) 
thrown [src/hotspot/share/classfile/systemDictionary.cpp, line 312]
Event: 0.180 Thread 0x0000000145008200 Exception <a 'java/io/FileNotFoundException'{0x000000061e97b840}> (0x000000061e97b840) 
thrown [src/hotspot/share/prims/jni.cpp, line 520]
Event: 0.182 Thread 0x0000000145008200 Exception <a 'java/io/FileNotFoundException'{0x000000061e9a3ec8}> (0x000000061e9a3ec8) 
thrown [src/hotspot/share/prims/jni.cpp, line 520]
Event: 0.417 Thread 0x0000000145008200 Exception <a 'java/lang/NoSuchMethodError'{0x000000061fea0a48}: 'int java.lang.invoke.DirectMethodHandle$Holder.invokeSpecial(java.lang.Object, java.lang.Object, java.lang.Object)'> (0x000000061fea0a48) 
thrown [src/hotspot/share/interpreter/linkResolver.cpp, line 773]

ZGC Phase Switch (0 events):
No events

VM Operations (16 events):
Event: 0.124 Executing VM operation: HandshakeAllThreads (Deoptimize)
Event: 0.124 Executing VM operation: HandshakeAllThreads (Deoptimize) done
Event: 0.133 Executing VM operation: HandshakeAllThreads (Deoptimize)
Event: 0.133 Executing VM operation: HandshakeAllThreads (Deoptimize) done
Event: 0.159 Executing VM operation: ICBufferFull
Event: 0.159 Executing VM operation: ICBufferFull done
Event: 0.169 Executing VM operation: HandshakeAllThreads (Deoptimize)
Event: 0.169 Executing VM operation: HandshakeAllThreads (Deoptimize) done
Event: 0.170 Executing VM operation: HandshakeAllThreads (Deoptimize)
Event: 0.170 Executing VM operation: HandshakeAllThreads (Deoptimize) done
Event: 0.198 Executing VM operation: HandshakeAllThreads (Deoptimize)
Event: 0.198 Executing VM operation: HandshakeAllThreads (Deoptimize) done
Event: 0.207 Executing VM operation: G1CollectForAllocation (G1 Evacuation Pause)
Event: 0.209 Executing VM operation: G1CollectForAllocation (G1 Evacuation Pause) done
Event: 0.379 Executing VM operation: HandshakeAllThreads (Deoptimize)
Event: 0.379 Executing VM operation: HandshakeAllThreads (Deoptimize) done

Events (20 events):
Event: 0.016 Thread 0x000000015480dc00 Thread added: 0x000000015480dc00
Event: 0.016 Protecting memory [0x000000016c63c000,0x000000016c648000] with protection modes 0
Event: 0.016 Thread 0x000000014480e400 Thread added: 0x000000014480e400
Event: 0.016 Protecting memory [0x000000016c848000,0x000000016c854000] with protection modes 0
Event: 0.016 Thread 0x000000014480d600 Thread added: 0x000000014480d600
Event: 0.016 Protecting memory [0x000000016ca54000,0x000000016ca60000] with protection modes 0
Event: 0.016 Thread 0x0000000144813c00 Thread added: 0x0000000144813c00
Event: 0.016 Protecting memory [0x000000016cc60000,0x000000016cc6c000] with protection modes 0
Event: 0.016 Thread 0x000000013680a400 Thread added: 0x000000013680a400
Event: 0.016 Protecting memory [0x000000016ce6c000,0x000000016ce78000] with protection modes 0
Event: 0.017 Thread 0x00000001450b4a00 Thread added: 0x00000001450b4a00
Event: 0.017 Protecting memory [0x000000016d078000,0x000000016d084000] with protection modes 0
Event: 0.027 Thread 0x00000001450b5200 Thread added: 0x00000001450b5200
Event: 0.027 Protecting memory [0x000000016d284000,0x000000016d290000] with protection modes 0
Event: 0.028 Thread 0x0000000136854200 Thread added: 0x0000000136854200
Event: 0.028 Protecting memory [0x000000016d490000,0x000000016d49c000] with protection modes 0
Event: 0.205 Thread 0x0000000136ad5c00 Thread added: 0x0000000136ad5c00
Event: 0.205 Protecting memory [0x000000016d69c000,0x000000016d6a8000] with protection modes 0
Event: 0.402 Thread 0x00000001456a5600 Thread added: 0x00000001456a5600
Event: 0.402 Protecting memory [0x000000016e908000,0x000000016e914000] with protection modes 0


Dynamic libraries:
0x0000000104c14000 	/Users/jyp/Library/Java/JavaVirtualMachines/corretto-21.0.3/Contents/Home/lib/libjli.dylib
0x000000019f5f3000 	/System/Library/Frameworks/Cocoa.framework/Versions/A/Cocoa
0x0000000186da3000 	/System/Library/Frameworks/AppKit.framework/Versions/C/AppKit
0x000000018a093000 	/System/Library/Frameworks/CoreData.framework/Versions/A/CoreData
0x000000018442f000 	/System/Library/Frameworks/Foundation.framework/Versions/C/Foundation
0x000000019102b000 	/usr/lib/libSystem.B.dylib
0x0000000188234000 	/System/Library/PrivateFrameworks/UIFoundation.framework/Versions/A/UIFoundation
0x0000000230ec2000 	/System/Library/PrivateFrameworks/CollectionViewCore.framework/Versions/A/CollectionViewCore
0x000000018ebb4000 	/System/Library/PrivateFrameworks/XCTTargetBootstrap.framework/Versions/A/XCTTargetBootstrap
0x00000001937f7000 	/System/Library/PrivateFrameworks/InternationalSupport.framework/Versions/A/InternationalSupport
0x0000000193b4e000 	/System/Library/PrivateFrameworks/UserActivity.framework/Versions/A/UserActivity
0x000000025f84c000 	/System/Library/PrivateFrameworks/UIIntelligenceSupport.framework/Versions/A/UIIntelligenceSupport
0x00000001e98e5000 	/System/Library/Frameworks/SwiftUICore.framework/Versions/A/SwiftUICore
0x00000002648d2000 	/System/Library/PrivateFrameworks/WritingTools.framework/Versions/A/WritingTools
0x0000000263916000 	/System/Library/PrivateFrameworks/WindowManagement.framework/Versions/A/WindowManagement
0x0000000184092000 	/System/Library/Frameworks/SystemConfiguration.framework/Versions/A/SystemConfiguration
0x0000000192c5a000 	/usr/lib/libspindump.dylib
0x00000001883e6000 	/System/Library/Frameworks/UniformTypeIdentifiers.framework/Versions/A/UniformTypeIdentifiers
0x0000000190416000 	/usr/lib/libbsm.0.dylib
0x000000018c636000 	/usr/lib/libapp_launch_measurement.dylib
0x000000018b9df000 	/System/Library/PrivateFrameworks/CoreAnalytics.framework/Versions/A/CoreAnalytics
0x000000018c63a000 	/System/Library/PrivateFrameworks/CoreAutoLayout.framework/Versions/A/CoreAutoLayout
0x000000018e1ce000 	/System/Library/Frameworks/Metal.framework/Versions/A/Metal
0x000000018f3f2000 	/usr/lib/liblangid.dylib
0x000000018ebba000 	/System/Library/PrivateFrameworks/CoreSVG.framework/Versions/A/CoreSVG
0x0000000188e0b000 	/System/Library/PrivateFrameworks/SkyLight.framework/Versions/A/SkyLight
0x0000000189332000 	/System/Library/Frameworks/CoreGraphics.framework/Versions/A/CoreGraphics
0x0000000198d04000 	/System/Library/Frameworks/Accelerate.framework/Versions/A/Accelerate
0x0000000192a9d000 	/System/Library/PrivateFrameworks/IconServices.framework/Versions/A/IconServices
0x000000018e1ab000 	/System/Library/Frameworks/IOSurface.framework/Versions/A/IOSurface
0x000000018ba10000 	/usr/lib/libDiagnosticMessagesClient.dylib
0x0000000190f75000 	/usr/lib/libz.1.dylib
0x000000019cc19000 	/System/Library/Frameworks/ApplicationServices.framework/Versions/A/ApplicationServices
0x000000018eb9f000 	/System/Library/PrivateFrameworks/DFRFoundation.framework/Versions/A/DFRFoundation
0x0000000186608000 	/usr/lib/libicucore.A.dylib
0x0000000194bd7000 	/System/Library/Frameworks/AudioToolbox.framework/Versions/A/AudioToolbox
0x0000000193aff000 	/System/Library/PrivateFrameworks/DataDetectorsCore.framework/Versions/A/DataDetectorsCore
0x00000001af6a0000 	/System/Library/PrivateFrameworks/TextInput.framework/Versions/A/TextInput
0x0000000188d56000 	/usr/lib/libMobileGestalt.dylib
0x000000018e898000 	/System/Library/Frameworks/Carbon.framework/Versions/A/Frameworks/HIToolbox.framework/Versions/A/HIToolbox
0x000000018bf17000 	/System/Library/Frameworks/QuartzCore.framework/Versions/A/QuartzCore
0x00000001861fe000 	/System/Library/Frameworks/Security.framework/Versions/A/Security
0x0000000198661000 	/System/Library/Frameworks/Carbon.framework/Versions/A/Frameworks/SpeechRecognition.framework/Versions/A/SpeechRecognition
0x000000018c33d000 	/System/Library/PrivateFrameworks/CoreUI.framework/Versions/A/CoreUI
0x0000000185acc000 	/System/Library/Frameworks/CoreAudio.framework/Versions/A/CoreAudio
0x000000018bafe000 	/System/Library/Frameworks/DiskArbitration.framework/Versions/A/DiskArbitration
0x00000001930c3000 	/System/Library/PrivateFrameworks/MultitouchSupport.framework/Versions/A/MultitouchSupport
0x0000000188d54000 	/usr/lib/libenergytrace.dylib
0x00000001a3c44000 	/System/Library/PrivateFrameworks/RenderBox.framework/Versions/A/RenderBox
0x0000000186c53000 	/System/Library/Frameworks/IOKit.framework/Versions/A/IOKit
0x0000000198a58000 	/System/Library/Frameworks/CoreServices.framework/Versions/A/CoreServices
0x000000018c5c7000 	/System/Library/PrivateFrameworks/PerformanceAnalysis.framework/Versions/A/PerformanceAnalysis
0x00000001e32a6000 	/System/Library/Frameworks/OpenGL.framework/Versions/A/OpenGL
0x000000018c684000 	/usr/lib/libxml2.2.dylib
0x00000001902fa000 	/System/Library/PrivateFrameworks/MobileKeyBag.framework/Versions/A/MobileKeyBag
0x00000001829d4000 	/usr/lib/libobjc.A.dylib
0x0000000182ce2000 	/usr/lib/libc++.1.dylib
0x00000001989d9000 	/System/Library/Frameworks/Accessibility.framework/Versions/A/Accessibility
0x0000000189a63000 	/System/Library/Frameworks/ColorSync.framework/Versions/A/ColorSync
0x0000000182e3e000 	/System/Library/Frameworks/CoreFoundation.framework/Versions/A/CoreFoundation
0x000000018ef74000 	/System/Library/Frameworks/CoreImage.framework/Versions/A/CoreImage
0x00000001858ad000 	/System/Library/Frameworks/CoreText.framework/Versions/A/CoreText
0x00000001e47f2000 	/System/Library/Frameworks/CoreTransferable.framework/Versions/A/CoreTransferable
0x00000001e4d77000 	/System/Library/Frameworks/DataDetection.framework/Versions/A/DataDetection
0x00000001e4d7a000 	/System/Library/Frameworks/DeveloperToolsSupport.framework/Versions/A/DeveloperToolsSupport
0x000000018ebf5000 	/System/Library/Frameworks/ImageIO.framework/Versions/A/ImageIO
0x00000001ea4a8000 	/System/Library/Frameworks/Symbols.framework/Versions/A/Symbols
0x00000001d6a54000 	/System/Library/PrivateFrameworks/FeatureFlags.framework/Versions/A/FeatureFlags
0x0000000191030000 	/System/Library/PrivateFrameworks/SoftLinking.framework/Versions/A/SoftLinking
0x00000001c2311000 	/usr/lib/swift/libswiftAccelerate.dylib
0x000000019456c000 	/usr/lib/swift/libswiftCore.dylib
0x00000001abd43000 	/usr/lib/swift/libswiftCoreFoundation.dylib
0x00000001abd9d000 	/usr/lib/swift/libswiftCoreImage.dylib
0x00000001a90ac000 	/usr/lib/swift/libswiftDarwin.dylib
0x000000026b4ef000 	/usr/lib/swift/libswiftDataDetection.dylib
0x000000019a551000 	/usr/lib/swift/libswiftDispatch.dylib
0x00000001abd9e000 	/usr/lib/swift/libswiftIOKit.dylib
0x00000001b8908000 	/usr/lib/swift/libswiftMetal.dylib
0x00000001c78a9000 	/usr/lib/swift/libswiftOSLog.dylib
0x000000019d1d3000 	/usr/lib/swift/libswiftObjectiveC.dylib
0x000000026b51c000 	/usr/lib/swift/libswiftObservation.dylib
0x00000001bdca7000 	/usr/lib/swift/libswiftQuartzCore.dylib
0x00000001c2302000 	/usr/lib/swift/libswiftUniformTypeIdentifiers.dylib
0x00000001abd55000 	/usr/lib/swift/libswiftXPC.dylib
0x000000026b602000 	/usr/lib/swift/libswift_Builtin_float.dylib
0x000000026b605000 	/usr/lib/swift/libswift_Concurrency.dylib
0x000000026b764000 	/usr/lib/swift/libswift_StringProcessing.dylib
0x000000026b7f7000 	/usr/lib/swift/libswift_errno.dylib
0x000000026b7f9000 	/usr/lib/swift/libswift_math.dylib
0x000000026b7fc000 	/usr/lib/swift/libswift_signal.dylib
0x000000026b7fd000 	/usr/lib/swift/libswift_stdio.dylib
0x000000026b7fe000 	/usr/lib/swift/libswift_time.dylib
0x000000019d1d7000 	/usr/lib/swift/libswiftos.dylib
0x00000001af5f7000 	/usr/lib/swift/libswiftsimd.dylib
0x000000026b7ff000 	/usr/lib/swift/libswiftsys_time.dylib
0x000000026b800000 	/usr/lib/swift/libswiftunistd.dylib
0x0000000191259000 	/usr/lib/libcompression.dylib
0x0000000193757000 	/System/Library/PrivateFrameworks/TextureIO.framework/Versions/A/TextureIO
0x000000019273c000 	/usr/lib/libate.dylib
0x0000000191025000 	/usr/lib/system/libcache.dylib
0x0000000190fe0000 	/usr/lib/system/libcommonCrypto.dylib
0x000000019100b000 	/usr/lib/system/libcompiler_rt.dylib
0x0000000191000000 	/usr/lib/system/libcopyfile.dylib
0x0000000182b2f000 	/usr/lib/system/libcorecrypto.dylib
0x0000000182c16000 	/usr/lib/system/libdispatch.dylib
0x0000000182dd6000 	/usr/lib/system/libdyld.dylib
0x000000019101b000 	/usr/lib/system/libkeymgr.dylib
0x0000000190fc3000 	/usr/lib/system/libmacho.dylib
0x00000001903ef000 	/usr/lib/system/libquarantine.dylib
0x0000000191018000 	/usr/lib/system/libremovefile.dylib
0x0000000188dd0000 	/usr/lib/system/libsystem_asl.dylib
0x0000000182ac4000 	/usr/lib/system/libsystem_blocks.dylib
0x0000000182c60000 	/usr/lib/system/libsystem_c.dylib
0x000000019100f000 	/usr/lib/system/libsystem_collections.dylib
0x000000018f3df000 	/usr/lib/system/libsystem_configuration.dylib
0x000000018e17a000 	/usr/lib/system/libsystem_containermanager.dylib
0x0000000190b05000 	/usr/lib/system/libsystem_coreservices.dylib
0x00000001868d4000 	/usr/lib/system/libsystem_darwin.dylib
0x000000026b937000 	/usr/lib/system/libsystem_darwindirectory.dylib
0x000000019101c000 	/usr/lib/system/libsystem_dnssd.dylib
0x000000026b93b000 	/usr/lib/system/libsystem_eligibility.dylib
0x0000000182c5d000 	/usr/lib/system/libsystem_featureflags.dylib
0x0000000182e0e000 	/usr/lib/system/libsystem_info.dylib
0x0000000190f84000 	/usr/lib/system/libsystem_m.dylib
0x0000000182bce000 	/usr/lib/system/libsystem_malloc.dylib
0x0000000188d39000 	/usr/lib/system/libsystem_networkextension.dylib
0x0000000186d36000 	/usr/lib/system/libsystem_notify.dylib
0x000000018f3e4000 	/usr/lib/system/libsystem_sandbox.dylib
0x000000026b943000 	/usr/lib/system/libsystem_sanitizers.dylib
0x0000000191014000 	/usr/lib/system/libsystem_secinit.dylib
0x0000000182d8d000 	/usr/lib/system/libsystem_kernel.dylib
0x0000000182e06000 	/usr/lib/system/libsystem_platform.dylib
0x0000000182dc9000 	/usr/lib/system/libsystem_pthread.dylib
0x000000018a92d000 	/usr/lib/system/libsystem_symptoms.dylib
0x0000000182b13000 	/usr/lib/system/libsystem_trace.dylib
0x0000000190fee000 	/usr/lib/system/libunwind.dylib
0x0000000182ac8000 	/usr/lib/system/libxpc.dylib
0x0000000182d6f000 	/usr/lib/libc++abi.dylib
0x000000026a50c000 	/usr/lib/libRosetta.dylib
0x0000000186bd2000 	/System/Library/PrivateFrameworks/CoreServicesInternal.framework/Versions/A/CoreServicesInternal
0x0000000190ff8000 	/usr/lib/liboah.dylib
0x000000019102d000 	/usr/lib/libfakelink.dylib
0x000000019c6cc000 	/System/Library/PrivateFrameworks/DiskImages.framework/Versions/A/DiskImages
0x00000001a8bd5000 	/System/Library/Frameworks/NetFS.framework/Versions/A/NetFS
0x000000018896f000 	/System/Library/Frameworks/CFNetwork.framework/Versions/A/CFNetwork
0x000000018c5fe000 	/System/Library/Frameworks/CoreServices.framework/Versions/A/Frameworks/FSEvents.framework/Versions/A/FSEvents
0x00000001868df000 	/System/Library/Frameworks/CoreServices.framework/Versions/A/Frameworks/CarbonCore.framework/Versions/A/CarbonCore
0x000000018ba73000 	/System/Library/Frameworks/CoreServices.framework/Versions/A/Frameworks/Metadata.framework/Versions/A/Metadata
0x0000000190b0d000 	/System/Library/Frameworks/CoreServices.framework/Versions/A/Frameworks/OSServices.framework/Versions/A/OSServices
0x000000019117a000 	/System/Library/Frameworks/CoreServices.framework/Versions/A/Frameworks/SearchKit.framework/Versions/A/SearchKit
0x000000018a8a8000 	/System/Library/Frameworks/CoreServices.framework/Versions/A/Frameworks/AE.framework/Versions/A/AE
0x000000018337d000 	/System/Library/Frameworks/CoreServices.framework/Versions/A/Frameworks/LaunchServices.framework/Versions/A/LaunchServices
0x0000000192591000 	/System/Library/Frameworks/CoreServices.framework/Versions/A/Frameworks/DictionaryServices.framework/Versions/A/DictionaryServices
0x000000018c60c000 	/System/Library/Frameworks/CoreServices.framework/Versions/A/Frameworks/SharedFileList.framework/Versions/A/SharedFileList
0x0000000191210000 	/usr/lib/libapple_nghttp2.dylib
0x000000018a509000 	/usr/lib/libsqlite3.dylib
0x0000000195250000 	/System/Library/Frameworks/GSS.framework/Versions/A/GSS
0x000000018a83f000 	/System/Library/PrivateFrameworks/RunningBoardServices.framework/Versions/A/RunningBoardServices
0x000000018a936000 	/System/Library/Frameworks/Network.framework/Versions/A/Network
0x0000000190fc7000 	/usr/lib/system/libkxld.dylib
0x000000022cc6d000 	/System/Library/PrivateFrameworks/AppleKeyStore.framework/Versions/A/AppleKeyStore
0x000000026a364000 	/usr/lib/libCoreEntitlements.dylib
0x0000000247d38000 	/System/Library/PrivateFrameworks/MessageSecurity.framework/Versions/A/MessageSecurity
0x000000018a4ee000 	/System/Library/PrivateFrameworks/ProtocolBuffer.framework/Versions/A/ProtocolBuffer
0x0000000190aec000 	/System/Library/PrivateFrameworks/AppleFSCompression.framework/Versions/A/AppleFSCompression
0x00000001903fe000 	/usr/lib/libcoretls.dylib
0x0000000192607000 	/usr/lib/libcoretls_cfhelpers.dylib
0x0000000191253000 	/usr/lib/libpam.2.dylib
0x000000019267b000 	/usr/lib/libxar.1.dylib
0x0000000191082000 	/usr/lib/libarchive.2.dylib
0x0000000196953000 	/System/Library/Frameworks/Combine.framework/Versions/A/Combine
0x0000000230ee6000 	/System/Library/PrivateFrameworks/CollectionsInternal.framework/Versions/A/CollectionsInternal
0x0000000250d98000 	/System/Library/PrivateFrameworks/ReflectionInternal.framework/Versions/A/ReflectionInternal
0x0000000251a6f000 	/System/Library/PrivateFrameworks/RuntimeInternal.framework/Versions/A/RuntimeInternal
0x000000026b593000 	/usr/lib/swift/libswiftSystem.dylib
0x000000018f3ed000 	/System/Library/PrivateFrameworks/AppleSystemInfo.framework/Versions/A/AppleSystemInfo
0x00000001abc2e000 	/System/Library/PrivateFrameworks/LoggingSupport.framework/Versions/A/LoggingSupport
0x0000000199a12000 	/System/Library/PrivateFrameworks/PowerLog.framework/Versions/A/PowerLog
0x00000001e97aa000 	/System/Library/Frameworks/SwiftData.framework/Versions/A/SwiftData
0x000000018c80f000 	/System/Library/PrivateFrameworks/UserManagement.framework/Versions/A/UserManagement
0x000000018889d000 	/usr/lib/libboringssl.dylib
0x000000018a91c000 	/usr/lib/libdns_services.dylib
0x00000001aaddd000 	/usr/lib/libquic.dylib
0x00000001944fb000 	/usr/lib/libusrtcp.dylib
0x00000001cf71e000 	/System/Library/PrivateFrameworks/InternalSwiftProtobuf.framework/Versions/A/InternalSwiftProtobuf
0x000000026b4f0000 	/usr/lib/swift/libswiftDistributed.dylib
0x000000026b589000 	/usr/lib/swift/libswiftSynchronization.dylib
0x000000018896e000 	/usr/lib/libnetwork.dylib
0x00000001bc8de000 	/System/Library/PrivateFrameworks/OSAnalytics.framework/Versions/A/OSAnalytics
0x00000001911eb000 	/System/Library/PrivateFrameworks/AppleSauce.framework/Versions/A/AppleSauce
0x000000019ace7000 	/System/Library/PrivateFrameworks/CoreSymbolication.framework/Versions/A/CoreSymbolication
0x00000001cb3e7000 	/System/Library/PrivateFrameworks/Symbolication.framework/Versions/A/Symbolication
0x000000019acc3000 	/System/Library/PrivateFrameworks/DebugSymbols.framework/Versions/A/DebugSymbols
0x000000026a22f000 	/usr/lib/libAppleArchive.dylib
0x0000000190af8000 	/usr/lib/libbz2.1.0.dylib
0x00000001925e8000 	/usr/lib/liblzma.5.dylib
0x00000001900ea000 	/System/Library/PrivateFrameworks/IOMobileFramebuffer.framework/Versions/A/IOMobileFramebuffer
0x00000001abcb7000 	/System/Library/PrivateFrameworks/MallocStackLogging.framework/Versions/A/MallocStackLogging
0x00000001927d6000 	/System/Library/PrivateFrameworks/CrashReporterSupport.framework/Versions/A/CrashReporterSupport
0x0000000183e89000 	/System/Library/PrivateFrameworks/Lexicon.framework/Versions/A/Lexicon
0x0000000240078000 	/System/Library/PrivateFrameworks/IO80211.framework/Versions/A/IO80211
0x000000019a7e9000 	/System/Library/PrivateFrameworks/FrontBoardServices.framework/Versions/A/FrontBoardServices
0x0000000190326000 	/System/Library/Frameworks/SecurityFoundation.framework/Versions/A/SecurityFoundation
0x0000000190488000 	/usr/lib/libgermantok.dylib
0x000000018f511000 	/System/Library/PrivateFrameworks/LinguisticData.framework/Versions/A/LinguisticData
0x000000018a75a000 	/System/Library/PrivateFrameworks/BaseBoard.framework/Versions/A/BaseBoard
0x000000019a8b6000 	/System/Library/PrivateFrameworks/BoardServices.framework/Versions/A/BoardServices
0x0000000190317000 	/System/Library/PrivateFrameworks/AssertionServices.framework/Versions/A/AssertionServices
0x000000019c506000 	/System/Library/PrivateFrameworks/BackBoardServices.framework/Versions/A/BackBoardServices
0x000000018e5c5000 	/System/Library/PrivateFrameworks/FontServices.framework/libFontParser.dylib
0x0000000188de8000 	/System/Library/PrivateFrameworks/TCC.framework/Versions/A/TCC
0x000000019fefe000 	/System/Library/PrivateFrameworks/IOSurfaceAccelerator.framework/Versions/A/IOSurfaceAccelerator
0x00000001930c1000 	/System/Library/PrivateFrameworks/WatchdogClient.framework/Versions/A/WatchdogClient
0x00000001853d4000 	/System/Library/Frameworks/CoreDisplay.framework/Versions/A/CoreDisplay
0x000000018e469000 	/System/Library/Frameworks/CoreMedia.framework/Versions/A/CoreMedia
0x000000018e1c4000 	/System/Library/PrivateFrameworks/IOAccelerator.framework/Versions/A/IOAccelerator
0x000000018c76e000 	/System/Library/Frameworks/CoreVideo.framework/Versions/A/CoreVideo
0x0000000191251000 	/System/Library/Frameworks/MetalPerformanceShaders.framework/Versions/A/MetalPerformanceShaders
0x00000002500d6000 	/System/Library/PrivateFrameworks/ProDisplayLibrary.framework/Versions/A/ProDisplayLibrary
0x0000000193109000 	/System/Library/Frameworks/VideoToolbox.framework/Versions/A/VideoToolbox
0x000000018f3eb000 	/System/Library/PrivateFrameworks/AggregateDictionary.framework/Versions/A/AggregateDictionary
0x0000000192609000 	/System/Library/PrivateFrameworks/APFS.framework/Versions/A/APFS
0x000000019268a000 	/usr/lib/libutil.dylib
0x000000025affb000 	/System/Library/PrivateFrameworks/SwiftASN1Internal.framework/Versions/A/SwiftASN1Internal
0x000000018bb07000 	/System/Library/Frameworks/Accelerate.framework/Versions/A/Frameworks/vImage.framework/Versions/A/vImage
0x0000000198a33000 	/System/Library/Frameworks/Accelerate.framework/Versions/A/Frameworks/vecLib.framework/Versions/A/vecLib
0x00000001926c2000 	/System/Library/Frameworks/Accelerate.framework/Versions/A/Frameworks/vecLib.framework/Versions/A/libvMisc.dylib
0x00000001837f5000 	/System/Library/Frameworks/Accelerate.framework/Versions/A/Frameworks/vecLib.framework/Versions/A/libBLAS.dylib
0x0000000194e27000 	/System/Library/Frameworks/ApplicationServices.framework/Versions/A/Frameworks/ATS.framework/Versions/A/ATS
0x0000000189c19000 	/System/Library/Frameworks/ApplicationServices.framework/Versions/A/Frameworks/HIServices.framework/Versions/A/HIServices
0x00000001936e0000 	/System/Library/Frameworks/ApplicationServices.framework/Versions/A/Frameworks/PrintCore.framework/Versions/A/PrintCore
0x000000019521a000 	/System/Library/Frameworks/ApplicationServices.framework/Versions/A/Frameworks/QD.framework/Versions/A/QD
0x0000000195211000 	/System/Library/Frameworks/ApplicationServices.framework/Versions/A/Frameworks/ColorSyncLegacy.framework/Versions/A/ColorSyncLegacy
0x0000000194df9000 	/System/Library/Frameworks/ApplicationServices.framework/Versions/A/Frameworks/SpeechSynthesis.framework/Versions/A/SpeechSynthesis
0x00000001900b7000 	/System/Library/PrivateFrameworks/CoreEmoji.framework/Versions/A/CoreEmoji
0x000000023713d000 	/System/Library/PrivateFrameworks/FontServices.framework/Versions/A/FontServices
0x0000000192c0f000 	/System/Library/PrivateFrameworks/OTSVG.framework/Versions/A/OTSVG
0x000000018c2eb000 	/System/Library/Frameworks/ApplicationServices.framework/Versions/A/Frameworks/ATS.framework/Versions/A/Resources/libFontRegistry.dylib
0x000000026a8f1000 	/usr/lib/libhvf.dylib
0x000000024bfdc000 	/System/Library/PrivateFrameworks/ParsingInternal.framework/Versions/A/ParsingInternal
0x000000026b539000 	/usr/lib/swift/libswiftRegexBuilder.dylib
0x000000026b6c1000 	/usr/lib/swift/libswift_RegexParser.dylib
0x0000000192f8a000 	/System/Library/PrivateFrameworks/AppleJPEG.framework/Versions/A/AppleJPEG
0x0000000192a2b000 	/usr/lib/libexpat.1.dylib
0x00000001935b6000 	/System/Library/Frameworks/ImageIO.framework/Versions/A/Resources/libPng.dylib
0x00000001935e1000 	/System/Library/Frameworks/ImageIO.framework/Versions/A/Resources/libTIFF.dylib
0x00000001936cb000 	/System/Library/Frameworks/ImageIO.framework/Versions/A/Resources/libGIF.dylib
0x0000000192fd0000 	/System/Library/Frameworks/ImageIO.framework/Versions/A/Resources/libJP2.dylib
0x0000000193672000 	/System/Library/Frameworks/ImageIO.framework/Versions/A/Resources/libJPEG.dylib
0x0000000193669000 	/System/Library/Frameworks/ImageIO.framework/Versions/A/Resources/libRadiance.dylib
0x000000023be0c000 	/System/Library/PrivateFrameworks/GPUCompiler.framework/Versions/32023/Libraries/libllvm-flatbuffers.dylib
0x0000000237208000 	/System/Library/PrivateFrameworks/FramePacing.framework/Versions/A/FramePacing
0x00000001e3298000 	/System/Library/Frameworks/OpenGL.framework/Versions/A/Libraries/libCoreFSCache.dylib
0x0000000237d7d000 	/System/Library/PrivateFrameworks/GPUCompiler.framework/Versions/32023/Libraries/libGPUCompilerUtils.dylib
0x000000023713e000 	/System/Library/PrivateFrameworks/FontServices.framework/libXTFontStaticRegistryData.dylib
0x000000019e316000 	/System/Library/PrivateFrameworks/ASEProcessing.framework/Versions/A/ASEProcessing
0x000000024f243000 	/System/Library/PrivateFrameworks/PhotosensitivityProcessing.framework/Versions/A/PhotosensitivityProcessing
0x0000000192c03000 	/System/Library/PrivateFrameworks/GraphVisualizer.framework/Versions/A/GraphVisualizer
0x00000001e32f6000 	/System/Library/Frameworks/OpenGL.framework/Versions/A/Libraries/libGLU.dylib
0x00000001e32ba000 	/System/Library/Frameworks/OpenGL.framework/Versions/A/Libraries/libGFXShared.dylib
0x00000001e3482000 	/System/Library/Frameworks/OpenGL.framework/Versions/A/Libraries/libGL.dylib
0x00000001e32c3000 	/System/Library/Frameworks/OpenGL.framework/Versions/A/Libraries/libGLImage.dylib
0x00000001e32b7000 	/System/Library/Frameworks/OpenGL.framework/Versions/A/Libraries/libCVMSPluginSupport.dylib
0x00000001e32a0000 	/System/Library/Frameworks/OpenGL.framework/Versions/A/Libraries/libCoreVMClient.dylib
0x000000018f32f000 	/System/Library/Frameworks/MetalPerformanceShaders.framework/Versions/A/Frameworks/MPSCore.framework/Versions/A/MPSCore
0x0000000190a57000 	/System/Library/Frameworks/MetalPerformanceShaders.framework/Versions/A/Frameworks/MPSImage.framework/Versions/A/MPSImage
0x00000001904a0000 	/System/Library/Frameworks/MetalPerformanceShaders.framework/Versions/A/Frameworks/MPSNeuralNetwork.framework/Versions/A/MPSNeuralNetwork
0x00000001908d7000 	/System/Library/Frameworks/MetalPerformanceShaders.framework/Versions/A/Frameworks/MPSMatrix.framework/Versions/A/MPSMatrix
0x00000001906ec000 	/System/Library/Frameworks/MetalPerformanceShaders.framework/Versions/A/Frameworks/MPSRayIntersector.framework/Versions/A/MPSRayIntersector
0x0000000190909000 	/System/Library/Frameworks/MetalPerformanceShaders.framework/Versions/A/Frameworks/MPSNDArray.framework/Versions/A/MPSNDArray
0x00000001e6b98000 	/System/Library/Frameworks/MetalPerformanceShaders.framework/Versions/A/Frameworks/MPSFunctions.framework/Versions/A/MPSFunctions
0x00000001e6b7a000 	/System/Library/Frameworks/MetalPerformanceShaders.framework/Versions/A/Frameworks/MPSBenchmarkLoop.framework/Versions/A/MPSBenchmarkLoop
0x0000000183670000 	/System/Library/PrivateFrameworks/MetalTools.framework/Versions/A/MetalTools
0x00000001b09a0000 	/System/Library/PrivateFrameworks/IOAccelMemoryInfo.framework/Versions/A/IOAccelMemoryInfo
0x00000001be09c000 	/System/Library/PrivateFrameworks/kperf.framework/Versions/A/kperf
0x00000001abd1e000 	/System/Library/PrivateFrameworks/GPURawCounter.framework/Versions/A/GPURawCounter
0x000000019369d000 	/System/Library/Frameworks/ApplicationServices.framework/Versions/A/Frameworks/ATSUI.framework/Versions/A/ATSUI
0x00000001951a5000 	/usr/lib/libcups.2.dylib
0x000000019523f000 	/System/Library/Frameworks/Kerberos.framework/Versions/A/Kerberos
0x0000000194ea5000 	/usr/lib/libresolv.9.dylib
0x0000000191067000 	/usr/lib/libiconv.2.dylib
0x0000000192c61000 	/System/Library/PrivateFrameworks/Heimdal.framework/Versions/A/Heimdal
0x000000019d12a000 	/System/Library/Frameworks/Kerberos.framework/Versions/A/Libraries/libHeimdalProxy.dylib
0x0000000192a46000 	/usr/lib/libheimdal-asn1.dylib
0x000000018c5d1000 	/System/Library/Frameworks/OpenDirectory.framework/Versions/A/OpenDirectory
0x00000001952a2000 	/System/Library/PrivateFrameworks/CommonAuth.framework/Versions/A/CommonAuth
0x000000018c5df000 	/System/Library/Frameworks/OpenDirectory.framework/Versions/A/Frameworks/CFOpenDirectory.framework/Versions/A/CFOpenDirectory
0x0000000190fc2000 	/usr/lib/libcharset.1.dylib
0x00000001e381e000 	/System/Library/Frameworks/AVFAudio.framework/Versions/A/AVFAudio
0x00000001a560a000 	/System/Library/PrivateFrameworks/AXCoreUtilities.framework/Versions/A/AXCoreUtilities
0x00000002439b0000 	/System/Library/PrivateFrameworks/IsolatedCoreAudioClient.framework/Versions/A/IsolatedCoreAudioClient
0x0000000194de0000 	/usr/lib/libAudioStatistics.dylib
0x000000018e441000 	/System/Library/PrivateFrameworks/caulk.framework/Versions/A/caulk
0x00000001854f5000 	/System/Library/PrivateFrameworks/AudioToolboxCore.framework/Versions/A/AudioToolboxCore
0x000000019f420000 	/System/Library/Frameworks/CoreMIDI.framework/Versions/A/CoreMIDI
0x0000000194d82000 	/System/Library/PrivateFrameworks/AudioSession.framework/Versions/A/AudioSession
0x00000001966bb000 	/System/Library/Frameworks/IOBluetooth.framework/Versions/A/IOBluetooth
0x0000000192b30000 	/System/Library/PrivateFrameworks/MediaExperience.framework/Versions/A/MediaExperience
0x000000025dabf000 	/System/Library/PrivateFrameworks/Tightbeam.framework/Versions/A/Tightbeam
0x00000002319a3000 	/System/Library/PrivateFrameworks/CoreAudioOrchestration.framework/Versions/A/CoreAudioOrchestration
0x00000001c29d4000 	/System/Library/PrivateFrameworks/AFKUser.framework/Versions/A/AFKUser
0x00000001abd22000 	/usr/lib/swift/libswiftCoreAudio.dylib
0x0000000192c50000 	/System/Library/PrivateFrameworks/AppServerSupport.framework/Versions/A/AppServerSupport
0x0000000195223000 	/System/Library/PrivateFrameworks/perfdata.framework/Versions/A/perfdata
0x00000001aaed6000 	/System/Library/PrivateFrameworks/SystemPolicy.framework/Versions/A/SystemPolicy
0x00000001950c4000 	/usr/lib/libSMC.dylib
0x0000000193580000 	/usr/lib/libAudioToolboxUtility.dylib
0x0000000195231000 	/usr/lib/libperfcheck.dylib
0x000000022d7eb000 	/System/Library/PrivateFrameworks/AudioAnalytics.framework/Versions/A/AudioAnalytics
0x00000001cf4e5000 	/System/Library/Frameworks/OSLog.framework/Versions/A/OSLog
0x00000001abce9000 	/usr/lib/libmis.dylib
0x0000000194b90000 	/System/Library/PrivateFrameworks/AudioSession.framework/libSessionUtility.dylib
0x00000001936d1000 	/System/Library/PrivateFrameworks/CMCaptureCore.framework/Versions/A/CMCaptureCore
0x00000001e4ec7000 	/System/Library/Frameworks/ExtensionFoundation.framework/Versions/A/ExtensionFoundation
0x000000019adf4000 	/System/Library/PrivateFrameworks/CoreTime.framework/Versions/A/CoreTime
0x000000019292a000 	/System/Library/PrivateFrameworks/PlugInKit.framework/Versions/A/PlugInKit
0x000000019991b000 	/System/Library/Frameworks/CoreBluetooth.framework/Versions/A/CoreBluetooth
0x000000019d12b000 	/System/Library/Frameworks/AudioUnit.framework/Versions/A/AudioUnit
0x000000019017b000 	/System/Library/PrivateFrameworks/CoreUtils.framework/Versions/A/CoreUtils
0x0000000234956000 	/System/Library/PrivateFrameworks/CoreUtilsExtras.framework/Versions/A/CoreUtilsExtras
0x0000000198d54000 	/System/Library/Frameworks/MediaAccessibility.framework/Versions/A/MediaAccessibility
0x00000001b4340000 	/System/Library/PrivateFrameworks/AttributeGraph.framework/Versions/A/AttributeGraph
0x000000026a1ad000 	/usr/lib/libAXSafeCategoryBundle.dylib
0x00000001a56c6000 	/usr/lib/libAccessibility.dylib
0x000000018ffc5000 	/System/Library/Frameworks/Accelerate.framework/Versions/A/Frameworks/vecLib.framework/Versions/A/libvDSP.dylib
0x000000019132f000 	/System/Library/Frameworks/Accelerate.framework/Versions/A/Frameworks/vecLib.framework/Versions/A/libLAPACK.dylib
0x000000019048b000 	/System/Library/Frameworks/Accelerate.framework/Versions/A/Frameworks/vecLib.framework/Versions/A/libLinearAlgebra.dylib
0x000000019122a000 	/System/Library/Frameworks/Accelerate.framework/Versions/A/Frameworks/vecLib.framework/Versions/A/libSparseBLAS.dylib
0x000000019132a000 	/System/Library/Frameworks/Accelerate.framework/Versions/A/Frameworks/vecLib.framework/Versions/A/libQuadrature.dylib
0x000000018f518000 	/System/Library/Frameworks/Accelerate.framework/Versions/A/Frameworks/vecLib.framework/Versions/A/libBNNS.dylib
0x0000000183f96000 	/System/Library/Frameworks/Accelerate.framework/Versions/A/Frameworks/vecLib.framework/Versions/A/libSparse.dylib
0x0000000245127000 	/System/Library/PrivateFrameworks/MIL.framework/Versions/A/MIL
0x0000000193664000 	/System/Library/PrivateFrameworks/GPUWrangler.framework/Versions/A/GPUWrangler
0x0000000193644000 	/System/Library/PrivateFrameworks/IOPresentment.framework/Versions/A/IOPresentment
0x000000019366c000 	/System/Library/PrivateFrameworks/DSExternalDisplay.framework/Versions/A/DSExternalDisplay
0x00000001cf8ec000 	/System/Library/PrivateFrameworks/HIDDisplay.framework/Versions/A/HIDDisplay
0x00000001a48e4000 	/System/Library/PrivateFrameworks/HID.framework/Versions/A/HID
0x0000000261301000 	/System/Library/PrivateFrameworks/VideoToolboxParavirtualizationSupport.framework/Versions/A/VideoToolboxParavirtualizationSupport
0x00000001929e2000 	/System/Library/PrivateFrameworks/AppleVA.framework/Versions/A/AppleVA
0x000000019a963000 	/System/Library/PrivateFrameworks/GraphicsServices.framework/Versions/A/GraphicsServices
0x0000000195415000 	/System/Library/PrivateFrameworks/CorePhoneNumbers.framework/Versions/A/CorePhoneNumbers
0x0000000199b03000 	/System/Library/PrivateFrameworks/MediaKit.framework/Versions/A/MediaKit
0x0000000199a4e000 	/System/Library/Frameworks/DiscRecording.framework/Versions/A/DiscRecording
0x0000000195204000 	/System/Library/PrivateFrameworks/NetAuth.framework/Versions/A/NetAuth
0x000000018c7cf000 	/System/Library/PrivateFrameworks/login.framework/Versions/A/Frameworks/loginsupport.framework/Versions/A/loginsupport
0x0000000192a50000 	/System/Library/PrivateFrameworks/IconFoundation.framework/Versions/A/IconFoundation
0x00000001927cd000 	/usr/lib/libIOReport.dylib
0x000000022d3fb000 	/System/Library/PrivateFrameworks/AppleMobileFileIntegrity.framework/Versions/A/AppleMobileFileIntegrity
0x000000026a56f000 	/usr/lib/libTLE.dylib
0x00000001e02f4000 	/System/Library/PrivateFrameworks/ConfigProfileHelper.framework/Versions/A/ConfigProfileHelper
0x0000000190428000 	/usr/lib/libmecab.dylib
0x0000000184126000 	/usr/lib/libCRFSuite.dylib
0x000000018f3f4000 	/System/Library/PrivateFrameworks/CoreNLP.framework/Versions/A/CoreNLP
0x00000001911e2000 	/usr/lib/libThaiTokenizer.dylib
0x00000001903f2000 	/usr/lib/libCheckFix.dylib
0x000000018ba12000 	/System/Library/PrivateFrameworks/MetadataUtilities.framework/Versions/A/MetadataUtilities
0x000000024095c000 	/System/Library/PrivateFrameworks/InstalledContentLibrary.framework/Versions/A/InstalledContentLibrary
0x0000000186c12000 	/System/Library/PrivateFrameworks/CoreServicesStore.framework/Versions/A/CoreServicesStore
0x00000001be1a6000 	/System/Library/PrivateFrameworks/MobileSystemServices.framework/Versions/A/MobileSystemServices
0x000000019268e000 	/usr/lib/libxslt.1.dylib
0x00000001903b5000 	/System/Library/PrivateFrameworks/BackgroundTaskManagement.framework/Versions/A/BackgroundTaskManagement
0x000000019c88a000 	/usr/lib/libcurl.4.dylib
0x000000026a7a3000 	/usr/lib/libcrypto.46.dylib
0x000000026b2cd000 	/usr/lib/libssl.48.dylib
0x000000019c562000 	/System/Library/Frameworks/LDAP.framework/Versions/A/LDAP
0x000000019c59e000 	/System/Library/PrivateFrameworks/TrustEvaluationAgent.framework/Versions/A/TrustEvaluationAgent
0x0000000194ec2000 	/usr/lib/libsasl2.2.dylib
0x00000001a90ab000 	/usr/lib/swift/libswiftCoreGraphics.dylib
0x0000000199383000 	/usr/lib/swift/libswiftFoundation.dylib
0x00000001dfd7e000 	/usr/lib/swift/libswiftSwiftOnoneSupport.dylib
0x00000001cbb98000 	/System/Library/PrivateFrameworks/CoreMaterial.framework/Versions/A/CoreMaterial
0x0000000251b66000 	/System/Library/PrivateFrameworks/SFSymbols.framework/Versions/A/SFSymbols
0x000000019864e000 	/System/Library/PrivateFrameworks/SpeechRecognitionCore.framework/Versions/A/SpeechRecognitionCore
0x00000001061a8000 	/Users/jyp/Library/Java/JavaVirtualMachines/corretto-21.0.3/Contents/Home/lib/server/libjvm.dylib
0x0000000104c7c000 	/Users/jyp/Library/Java/JavaVirtualMachines/corretto-21.0.3/Contents/Home/lib/libjimage.dylib
0x0000000104d00000 	/Users/jyp/Library/Java/JavaVirtualMachines/corretto-21.0.3/Contents/Home/lib/libjava.dylib
0x0000000104fb0000 	/Users/jyp/Library/Java/JavaVirtualMachines/corretto-21.0.3/Contents/Home/lib/libnio.dylib
0x0000000106038000 	/Users/jyp/Library/Java/JavaVirtualMachines/corretto-21.0.3/Contents/Home/lib/libnet.dylib
0x000000010607c000 	/Users/jyp/Library/Java/JavaVirtualMachines/corretto-21.0.3/Contents/Home/lib/libzip.dylib
0x0000000129970000 	/Users/jyp/Library/Java/JavaVirtualMachines/corretto-21.0.3/Contents/Home/lib/libawt.dylib
0x000000010611c000 	/Users/jyp/Library/Java/JavaVirtualMachines/corretto-21.0.3/Contents/Home/lib/libmlib_image.dylib
0x00000001e5e01000 	/System/Library/Frameworks/JavaRuntimeSupport.framework/Versions/A/JavaRuntimeSupport
0x00000001aa8f9000 	/System/Library/Frameworks/Carbon.framework/Versions/A/Carbon
0x00000001a192f000 	/System/Library/Frameworks/Carbon.framework/Versions/A/Frameworks/CommonPanels.framework/Versions/A/CommonPanels
0x000000019c875000 	/System/Library/Frameworks/Carbon.framework/Versions/A/Frameworks/Help.framework/Versions/A/Help
0x00000001a1933000 	/System/Library/Frameworks/Carbon.framework/Versions/A/Frameworks/ImageCapture.framework/Versions/A/ImageCapture
0x00000001a190f000 	/System/Library/Frameworks/Carbon.framework/Versions/A/Frameworks/OpenScripting.framework/Versions/A/OpenScripting
0x00000001a192e000 	/System/Library/Frameworks/Carbon.framework/Versions/A/Frameworks/Ink.framework/Versions/A/Ink
0x00000001a192b000 	/System/Library/Frameworks/Carbon.framework/Versions/A/Frameworks/SecurityHI.framework/Versions/A/SecurityHI
0x0000000129b54000 	/Users/jyp/Library/Java/JavaVirtualMachines/corretto-21.0.3/Contents/Home/lib/libawt_lwawt.dylib
0x00000001060d4000 	/Users/jyp/Library/Java/JavaVirtualMachines/corretto-21.0.3/Contents/Home/lib/libosxapp.dylib
0x00000001a9110000 	/System/Library/Frameworks/ExceptionHandling.framework/Versions/A/ExceptionHandling
0x00000001060a4000 	/Users/jyp/Library/Caches/JNA/temp/jna1478086749551777761.tmp
0x000000013031c000 	/opt/homebrew/Cellar/tesseract/5.5.1/lib/libtesseract.5.dylib
0x00000001305d0000 	/opt/homebrew/Cellar/leptonica/1.85.0/lib/libleptonica.6.dylib
0x0000000129e00000 	/opt/homebrew/Cellar/libarchive/3.8.1/lib/libarchive.13.dylib
0x0000000129a5c000 	/opt/homebrew/Cellar/libpng/1.6.50/lib/libpng16.16.dylib
0x0000000129c84000 	/opt/homebrew/Cellar/jpeg-turbo/3.1.1/lib/libjpeg.8.3.2.dylib
0x0000000106054000 	/opt/homebrew/Cellar/giflib/5.2.2/lib/libgif.7.2.0.dylib
0x0000000129eb0000 	/opt/homebrew/Cellar/libtiff/4.7.0/lib/libtiff.6.dylib
0x0000000129ae8000 	/opt/homebrew/Cellar/webp/1.6.0/lib/libwebp.7.2.0.dylib
0x0000000106068000 	/opt/homebrew/Cellar/webp/1.6.0/lib/libwebpmux.3.1.2.dylib
0x0000000129f34000 	/opt/homebrew/Cellar/openjpeg/2.5.3/lib/libopenjp2.2.5.3.dylib
0x0000000130108000 	/opt/homebrew/Cellar/zstd/1.5.7/lib/libzstd.1.5.7.dylib
0x0000000129a90000 	/opt/homebrew/Cellar/xz/5.8.1/lib/liblzma.5.dylib
0x0000000106104000 	/opt/homebrew/Cellar/webp/1.6.0/lib/libsharpyuv.0.1.2.dylib
0x0000000129f88000 	/opt/homebrew/Cellar/lz4/1.10.0/lib/liblz4.1.10.0.dylib
0x0000000129a28000 	/opt/homebrew/Cellar/libb2/0.98.1/lib/libb2.1.dylib


VM Arguments:
jvm_args: -Djna.library.path=/opt/homebrew/opt/tesseract/lib -Dfile.encoding=UTF-8 -Duser.country=KR -Duser.language=ko -Duser.variant 
java_command: com.zero.cohousesever.ocr.TesseractService
java_class_path (initial): /Users/jyp/Documents/Rocket/Project/Team/cohouse-sever/build/classes/java/main:/Users/jyp/Documents/Rocket/Project/Team/cohouse-sever/build/resources/main:/Users/jyp/.gradle/caches/modules-2/files-2.1/org.springframework.boot/spring-boot-starter-data-jpa/3.5.4/866e11ae6a920a20a766a903693a9efbec83d388/spring-boot-starter-data-jpa-3.5.4.jar:/Users/jyp/.gradle/caches/modules-2/files-2.1/org.springframework.boot/spring-boot-starter-web/3.5.4/d8faea8d3235bd8752b71ea127bc4ffeda6a74cd/spring-boot-starter-web-3.5.4.jar:/Users/jyp/.gradle/caches/modules-2/files-2.1/org.springframework.boot/spring-boot-starter-data-redis/3.5.4/17e83e82b50a9251d9de21e73b182848829786c0/spring-boot-starter-data-redis-3.5.4.jar:/Users/jyp/.gradle/caches/modules-2/files-2.1/org.springframework.boot/spring-boot-starter-security/3.5.4/d4a053f1b0e4e63ca11ced7b3b5b58d0315bd5e/spring-boot-starter-security-3.5.4.jar:/Users/jyp/.gradle/caches/modules-2/files-2.1/software.amazon.awssdk/s3/2.20.0/233811614246f2cffa7e2180bd5465a9e5b5ed3f/s3-2.20.0.jar:/Users/jyp/.gradle/caches/modules-2/files-2.1/net.sourceforge.tess4j/tess4j/5.13.0/b9c7f04d93b1d809f9c786d5754047d892a7f134/tess4j-5.13.0.jar:/Users/jyp/.gradle/caches/modules-2/files-2.1/org.bytedeco/javacv-platform/1.5.10/fc2c8b74937e1ef9c32fc08044d8587baa9a4320/javacv-platform-1.5.10.jar:/Users/jyp/.gradle/caches/modules-2/files-2.1/io.jsonwebtoken/jjwt-impl/0.12.6/ac23673a84b6089e0369fb8ab2c69edd91cd6eb0/jjwt-impl-0.12.6.jar:/Users/jyp/.gradle/caches/modules-2/files-2.1/io.jsonwebtoken/jjwt-jackson/0.12.6/f141e0c1136ba17f2632858238a31ae05642dbf8/jjwt-jackson-0.12.6.jar:/Users/jyp/.gradle/caches/modules-2/files-2.1/io.jsonwebtoken/jjwt-api/0.12.6/478886a888f6add04937baf0361144504a024967/jjwt-api-0.12.6.jar:/Users/jyp/.gradle/caches/modules-2/files-2.1/com.h2database/h2/2.3.232/4fcc05d966ccdb2812ae8b9a718f69226c0cf4e2/h2-2.3.232.jar:/Users/jyp/.gradle/caches/modules-2/files-2.1/com.mysql/mysql-connector-j/9.3.0/6dbc33cd9534ec2715a8269fced1cd872630999d/mysql-connector-j-9.3.0.jar:/Users/jyp/.gradle/caches/modules-2/files-2.1/org.springframework.boot/spring-boot-starter-jdbc/3.5.4/8d04d12a7e011ee5e1ddc8553b4564b62da2f18b/spring-boot-starter-jdbc-3.5.4.jar:/Users/jyp/.gradle/caches/modules-2/files-2.1/org.springframework.boot/spring-boot-starter-json/3.5.4/bea0574541ef01026e112dc9946cb8bbb10ddf4b/spring-boot-starter-json-3.5.4.jar:/Users/jyp/.gradle/caches/modules-2/files-2.1/org.springframework.boot/spring-boot-starter/3.5.4/442c481e474a4ae6ba2524df3d56b344eb163b0f/spring-boot-starter-3.5.4.jar:/Users/jyp/.gradle/caches/modules-2/files-2.1/org.hibernate.orm/hibernate-core/6.6.22.Final/6588dca0d86f402ae041ab482deabb74a46b8772/hibernate-core-6.6.22.Final.jar:/Users/jyp/.gradle/caches/modules-2/files-2.1/org.springframework.data/spring-data-jpa/3.5.2/bf10cfac6bf849ac93c7888f8fd3340feee156de/spring-data-jpa-3.5.2.jar:/Users/jyp/.gradle/caches/modules-2/files-2.1/org.springframework/spring-aspects/6.2.9/6de0395ee57dd21639dab88e855f01855eb7e750/spring-aspects-6.2.9.jar:/Users/jyp/.gradle/caches/modules-2/files-2.1/org.springframework.boot/spring-boot-starter-tomcat/3.5.4/fff8efcbbbccc842d9158bac404471683c05b305/spring-boot-starter-tomcat-3.5.4.jar:/Users/jyp/.gradle/caches/modules-2/files-2.1/org.springframework/spring-webmvc/6.2.9/622208b4388c0f1f6cdadd5f477facf4b30e13d3/spring-webmvc-6.2.9.jar:/Users/jyp/.gradle/caches/modules-2/files-2.1/org.springframework.security/spring-security-web/6.5.2/1b9a08ee1ff56ed0f7403c3cd836309363907c1b/spring-security-web-6.5.2.jar:/Users/jyp/.gradle/caches/modules-2/files-2.1/org.springframework/spring-web/6.2.9/ff0c61246f4abadc5a4ac2c1b2321d374a476254/spring-web-6.2.9.jar:/Users/jyp/.gradle/caches/modules-2/files-2.1/io.lettuce/lettuce-core/6.6.0.RELEASE/8a9bb7a3291328f4a0156643dddd3f1194bd26f3/lettuce-core-6.6.0.RELEASE.jar:/Users/jyp/.gradle/caches/modules-2/files-2.1/org.springframework.data/spring-data-redis/3.5.2/a9a5e4fc998aec7e97ee8d17c7ddef22b66903d5/spring-data-redis-3.5.2.jar:/Users/jyp/.gradle/caches/modules-2/files-2.1/org.springframework.security/spring-security-config/6.5.2/3aaa828736fa3bb8961a565d705883fe4f7145a/spring-security-config-6.5.2.jar:/Users/jyp/.gradle/caches/modules-2/files-2.1/org.springframework.boot/spring-boot-autoconfigure/3.5.4/3039bcc94e4cb32faf9306df982e5b8cd1d95eca/spring-boot-autoconfigure-3.5.4.jar:/Users/jyp/.gradle/caches/modules-2/files-2.1/org.springframework.boot/spring-boot/3.5.4/a6fedec8de3c937fc7ea9dd47340bdee29c94af/spring-boot-3.5.4.jar:/Users/jyp/.gradle/caches/modules-2/files-2.1/org.springframework.data/spring-data-keyvalue/3.5.2/128043dd9f4ef4065350cbc045e4e6150bc23de2/spring-data-keyvalue-3.5.2.jar:/Users/jyp/.gradle/caches/modules-2/files-2.1/org.springframework/spring-context-support/6.2.9/55a8df97f6544496cf08a3bcc6da3e5fd26da679/spring-context-support-6.2.9.jar:/Users/jyp/.gradle/caches/modules-2/files-2.1/org.springframework.security/spring-security-core/6.5.2/8be5724ba4f395cacb5ab23e64a08d5e89a57465/spring-security-core-6.5.2.jar:/Users/jyp/.gradle/caches/modules-2/files-2.1/org.springframework/spring-context/6.2.9/6a138a66f3ba69d2234e731d6fb10061d28977e/spring-context-6.2.9.jar:/Users/jyp/.gradle/caches/modules-2/files-2.1/org.springframework/spring-aop/6.2.9/9a4c4a61dd560bf8749aea283ce67f2e255bb286/spring-aop-6.2.9.jar:/Users/jyp/.gradle/caches/modules-2/files-2.1/software.amazon.awssdk/aws-xml-protocol/2.20.0/ea32ac3d093d60a452d916205e22f3ac6d8747ed/aws-xml-protocol-2.20.0.jar:/Users/jyp/.gradle/caches/modules-2/files-2.1/software.amazon.awssdk/aws-query-protocol/2.20.0/8abc98c3b2cc6c226647664ac7fb07211609ed53/aws-query-protocol-2.20.0.jar:/Users/jyp/.gradle/caches/modules-2/files-2.1/software.amazon.awssdk/protocol-core/2.20.0/9bba712921fb0925c0f5e944ff95fef08ac1802a/protocol-core-2.20.0.jar:/Users/jyp/.gradle/caches/modules-2/files-2.1/software.amazon.awssdk/arns/2.20.0/af76f442e6ce9a581e4cddd37fa92a00a94c5bd2/arns-2.20.0.jar:/Users/jyp/.gradle/caches/modules-2/files-2.1/software.amazon.awssdk/aws-core/2.20.0/31210357794fb0ecd04682ce289a9224b526164a/aws-core-2.20.0.jar:/Users/jyp/.gradle/caches/modules-2/files-2.1/software.amazon.awssdk/auth/2.20.0/1a44342edcd8141025af2157daa47f6d55d7defd/auth-2.20.0.jar:/Users/jyp/.gradle/caches/modules-2/files-2.1/software.amazon.awssdk/regions/2.20.0/f3f7c2e440ef13955fabd45e03130e8f3b722b5e/regions-2.20.0.jar:/Users/jyp/.gradle/caches/modules-2/files-2.1/software.amazon.awssdk/sdk-core/2.20.0/34f04fdcf225df8e61ce37e9e15dda5d832a9a06/sdk-core-2.20.0.jar:/Users/jyp/.gradle/caches/modules-2/files-2.1/software.amazon.awssdk/profiles/2.20.0/e6c69dfa2e3e489a04005b935f59ea40e9715f89/profiles-2.20.0.jar:/Users/jyp/.gradle/caches/modules-2/files-2.1/software.amazon.awssdk/apache-client/2.20.0/dc5d4c6d6d6112f76ed916638bd6b6318330a604/apache-client-2.20.0.jar:/Users/jyp/.gradle/caches/modules-2/files-2.1/software.amazon.awssdk/netty-nio-client/2.20.0/c71a879c8650f797208fa777fbcfa499f5076adc/netty-nio-client-2.20.0.jar:/Users/jyp/.gradle/caches/modules-2/files-2.1/software.amazon.awssdk/http-client-spi/2.20.0/86e1ebdcf2b11dce150d7d45245c77e7880cc5c0/http-client-spi-2.20.0.jar:/Users/jyp/.gradle/caches/modules-2/files-2.1/software.amazon.awssdk/metrics-spi/2.20.0/67edf27645b5e0847d791f4c70e751d18940b846/metrics-spi-2.20.0.jar:/Users/jyp/.gradle/caches/modules-2/files-2.1/software.amazon.awssdk/json-utils/2.20.0/dced72779da2ac3a51692f2ca20f87682692c98c/json-utils-2.20.0.jar:/Users/jyp/.gradle/caches/modules-2/files-2.1/software.amazon.awssdk/utils/2.20.0/8da5fb4edc1eabbeb03175e96e7e751f4b50dc9e/utils-2.20.0.jar:/Users/jyp/.gradle/caches/modules-2/files-2.1/software.amazon.awssdk/endpoints-spi/2.20.0/19d68272ea5522ca4a6115878d31f621bdf36a8d/endpoints-spi-2.20.0.jar:/Users/jyp/.gradle/caches/modules-2/files-2.1/software.amazon.awssdk/annotations/2.20.0/581f9b27aeb554b51ec0b2ddf8d6b1430c862caa/annotations-2.20.0.jar:/Users/jyp/.gradle/caches/modules-2/files-2.1/net.sourceforge.lept4j/lept4j/1.19.1/ec69d554f05e030b5e06295a4d39057634759549/lept4j-1.19.1.jar:/Users/jyp/.gradle/caches/modules-2/files-2.1/net.java.dev.jna/jna/5.14.0/67bf3eaea4f0718cb376a181a629e5f88fa1c9dd/jna-5.14.0.jar:/Users/jyp/.gradle/caches/modules-2/files-2.1/com.github.jai-imageio/jai-imageio-core/1.4.0/fb6d79b929556362a241b2f65a04e538062f0077/jai-imageio-core-1.4.0.jar:/Users/jyp/.gradle/caches/modules-2/files-2.1/org.apache.pdfbox/pdfbox-tools/3.0.3/8902f30227864ba6c9f841c14dfee2f2857dba85/pdfbox-tools-3.0.3.jar:/Users/jyp/.gradle/caches/modules-2/files-2.1/org.apache.pdfbox/pdfbox-debugger/3.0.3/1f8500ec45564fbf63a883d8b8c5be9ed1ffc706/pdfbox-debugger-3.0.3.jar:/Users/jyp/.gradle/caches/modules-2/files-2.1/org.apache.pdfbox/pdfbox/3.0.3/a739bfc1b72d2f98d973cd1419f5ae2decd36068/pdfbox-3.0.3.jar:/Users/jyp/.gradle/caches/modules-2/files-2.1/org.apache.pdfbox/jbig2-imageio/3.0.4/ad09a9bb94ea791ea81fb6c5bc2b13dd77872598/jbig2-imageio-3.0.4.jar:/Users/jyp/.gradle/caches/modules-2/files-2.1/commons-io/commons-io/2.16.1/377d592e740dc77124e0901291dbfaa6810a200e/commons-io-2.16.1.jar:/Users/jyp/.gradle/caches/modules-2/files-2.1/org.jboss/jboss-vfs/3.2.17.Final/ba8d2791290f9651b80fc1a026058a6b950ef1cc/jboss-vfs-3.2.17.Final.jar:/Users/jyp/.gradle/caches/modules-2/files-2.1/com.zaxxer/HikariCP/6.3.1/411b6c8ae6eb4e2bae7f1b52ec5df58b29dd7905/HikariCP-6.3.1.jar:/Users/jyp/.gradle/caches/modules-2/files-2.1/org.springframework.data/spring-data-commons/3.5.2/37a68fd8dfda423ce55d5cb0941cba7d9ba023ce/spring-data-commons-3.5.2.jar:/Users/jyp/.gradle/caches/modules-2/files-2.1/redis.clients.authentication/redis-authx-core/0.1.1-beta2/4037345ff29fb22c737bab2ed116a34262718ae5/redis-authx-core-0.1.1-beta2.jar:/Users/jyp/.gradle/caches/modules-2/files-2.1/org.springframework.boot/spring-boot-starter-logging/3.5.4/9c007e596b63aace6f62b4109c65770422919138/spring-boot-starter-logging-3.5.4.jar:/Users/jyp/.gradle/caches/modules-2/files-2.1/ch.qos.logback/logback-classic/1.5.18/fc371f3fc97a639de2d67947cffb7518ec5e3d40/logback-classic-1.5.18.jar:/Users/jyp/.gradle/caches/modules-2/files-2.1/org.apache.logging.log4j/log4j-to-slf4j/2.24.3/da1143e2a2531ee1c2d90baa98eb50a28a39d5a7/log4j-to-slf4j-2.24.3.jar:/Users/jyp/.gradle/caches/modules-2/files-2.1/org.slf4j/jul-to-slf4j/2.0.17/524cb6ccc2b68a57604750e1ab8b13b5a786a6aa/jul-to-slf4j-2.0.17.jar:/Users/jyp/.gradle/caches/modules-2/files-2.1/org.slf4j/slf4j-api/2.0.17/d9e58ac9c7779ba3bf8142aff6c830617a7fe60f/slf4j-api-2.0.17.jar:/Users/jyp/.gradle/caches/modules-2/files-2.1/org.bytedeco/javacv/1.5.10/69d5da376ad6794f104ee50b618012dd80609757/javacv-1.5.10.jar:/Users/jyp/.gradle/caches/modules-2/files-2.1/org.bytedeco/opencv-platform/4.9.0-1.5.10/a128ab650ff9fdb07fa209732999a6c7ee0e7025/opencv-platform-4.9.0-1.5.10.jar:/Users/jyp/.gradle/caches/modules-2/files-2.1/org.bytedeco/openblas-platform/0.3.26-1.5.10/8f08fbc949f66017fdd98e9872ce6306b6631004/openblas-platform-0.3.26-1.5.10.jar:/Users/jyp/.gradle/caches/modules-2/files-2.1/org.bytedeco/ffmpeg-platform/6.1.1-1.5.10/fb412b4f7c97a3f7dd666e5941602cf9568b66c/ffmpeg-platform-6.1.1-1.5.10.jar:/Users/jyp/.gradle/caches/modules-2/files-2.1/org.bytedeco/flycapture-platform/2.13.3.31-1.5.9/18253937e77a52026bd87db432a1d4900e511763/flycapture-platform-2.13.3.31-1.5.9.jar:/Users/jyp/.gradle/caches/modules-2/files-2.1/org.bytedeco/libdc1394-platform/2.2.6-1.5.9/72f5c0340514f89601bdac20304ce7ccf686b6c5/libdc1394-platform-2.2.6-1.5.9.jar:/Users/jyp/.gradle/caches/modules-2/files-2.1/org.bytedeco/libfreenect-platform/0.5.7-1.5.9/c757108e09de1a87802637919e49b5500589630f/libfreenect-platform-0.5.7-1.5.9.jar:/Users/jyp/.gradle/caches/modules-2/files-2.1/org.bytedeco/libfreenect2-platform/0.2.0-1.5.9/7c30d421f2e679119120c835ad73a8a8a2913539/libfreenect2-platform-0.2.0-1.5.9.jar:/Users/jyp/.gradle/caches/modules-2/files-2.1/org.bytedeco/librealsense-platform/1.12.4-1.5.9/1596fc41fe524b00f9e825f8a0bf103469fe51f5/librealsense-platform-1.12.4-1.5.9.jar:/Users/jyp/.gradle/caches/modules-2/files-2.1/org.bytedeco/librealsense2-platform/2.53.1-1.5.9/8bd869a086ca856d787806f0927966195d328d9a/librealsense2-platform-2.53.1-1.5.9.jar:/Users/jyp/.gradle/caches/modules-2/files-2.1/org.bytedeco/videoinput-platform/0.200-1.5.9/cdd2794ec4b99530a95bbcce4d3d7244780234b9/videoinput-platform-0.200-1.5.9.jar:/Users/jyp/.gradle/caches/modules-2/files-2.1/org.bytedeco/artoolkitplus-platform/2.3.1-1.5.9/2a0b81d30cb1e17eb3ae9d7af3fe8f53b8a27735/artoolkitplus-platform-2.3.1-1.5.9.jar:/Users/jyp/.gradle/caches/modules-2/files-2.1/org.bytedeco/tesseract-platform/5.3.4-1.5.10/bc2d8f66bfb16b12077f0d548d6839b9d470c020/tesseract-platform-5.3.4-1.5.10.jar:/Users/jyp/.gradle/caches/modules-2/files-2.1/org.bytedeco/leptonica-platform/1.84.1-1.5.10/64da17c1dc87eb622fd542b4c973145b89a4fb4b/leptonica-platform-1.84.1-1.5.10.jar:/Users/jyp/.gradle/caches/modules-2/files-2.1/org.bytedeco/javacpp-platform/1.5.10/93c45ea62aecd09325a35144191d6221e4b28f5c/javacpp-platform-1.5.10.jar:/Users/jyp/.gradle/caches/modules-2/files-2.1/com.fasterxml.jackson.datatype/jackson-datatype-jsr310/2.19.2/72e73f048b36d9df82aef146bf8b2ae63b2e28e2/jackson-datatype-jsr310-2.19.2.jar:/Users/jyp/.gradle/caches/modules-2/files-2.1/com.fasterxml.jackson.module/jackson-module-parameter-names/2.19.2/3c4ce467c11364c72ec4967c570fd5a2d1be1d0b/jackson-module-parameter-names-2.19.2.jar:/Users/jyp/.gradle/caches/modules-2/files-2.1/com.fasterxml.jackson.core/jackson-annotations/2.19.2/c5381f11988ae3d424b197a26087d86067b6d7d/jackson-annotations-2.19.2.jar:/Users/jyp/.gradle/caches/modules-2/files-2.1/com.fasterxml.jackson.core/jackson-core/2.19.2/50f3b4bd59b9ff51a0ed493e7b5abaf5c39709bf/jackson-core-2.19.2.jar:/Users/jyp/.gradle/caches/modules-2/files-2.1/com.fasterxml.jackson.datatype/jackson-datatype-jdk8/2.19.2/a720d3946c3a1ab04b780f3b3163d62eee6948a0/jackson-datatype-jdk8-2.19.2.jar:/Users/jyp/.gradle/caches/modules-2/files-2.1/com.fasterxml.jackson.core/jackson-databind/2.19.2/46509399d28f57ca32c6bb4b0d4e10e8f062051e/jackson-databind-2.19.2.jar:/Users/jyp/.gradle/caches/modules-2/files-2.1/jakarta.annotation/jakarta.annotation-api/2.1.1/48b9bda22b091b1f48b13af03fe36db3be6e1ae3/jakarta.annotation-api-2.1.1.jar:/Users/jyp/.gradle/caches/modules-2/files-2.1/org.springframework/spring-orm/6.2.9/addd0ffdc72c37ad13b49738fe095dafd2364edd/spring-orm-6.2.9.jar:/Users/jyp/.gradle/caches/modules-2/files-2.1/org.springframework/spring-jdbc/6.2.9/a5e8d3e8be846a02b398d023e3658e5278972e51/spring-jdbc-6.2.9.jar:/Users/jyp/.gradle/caches/modules-2/files-2.1/org.springframework/spring-tx/6.2.9/c2acdd50e5d1aefc07136f1e5551c9a54310bb06/spring-tx-6.2.9.jar:/Users/jyp/.gradle/caches/modules-2/files-2.1/org.springframework/spring-oxm/6.2.9/df79c795bc553edacbe070335b12f1c8a207e524/spring-oxm-6.2.9.jar:/Users/jyp/.gradle/caches/modules-2/files-2.1/org.springframework/spring-beans/6.2.9/e3b86115a856789c654eafe5e625f95679f8035f/spring-beans-6.2.9.jar:/Users/jyp/.gradle/caches/modules-2/files-2.1/org.springframework/spring-expression/6.2.9/e931accc74e2b3b51d44423524a4a3a295254c4a/spring-expression-6.2.9.jar:/Users/jyp/.gradle/caches/modules-2/files-2.1/org.springframework/spring-core/6.2.9/91f5fd4cc7f0bfd27d7b2a5f51b0193ec22c8712/spring-core-6.2.9.jar:/Users/jyp/.gradle/caches/modules-2/files-2.1/org.yaml/snakeyaml/2.4/e0666b825b796f85521f02360e77f4c92c5a7a07/snakeyaml-2.4.jar:/Users/jyp/.gradle/caches/modules-2/files-2.1/jakarta.persistence/jakarta.persistence-api/3.1.0/66901fa1c373c6aff65c13791cc11da72060a8d6/jakarta.persistence-api-3.1.0.jar:/Users/jyp/.gradle/caches/modules-2/files-2.1/jakarta.transaction/jakarta.transaction-api/2.0.1/51a520e3fae406abb84e2e1148e6746ce3f80a1a/jakarta.transaction-api-2.0.1.jar:/Users/jyp/.gradle/caches/modules-2/files-2.1/org.jboss.logging/jboss-logging/3.6.1.Final/886afbb445b4016a37c8960a7aef6ebd769ce7e5/jboss-logging-3.6.1.Final.jar:/Users/jyp/.gradle/caches/modules-2/files-2.1/org.hibernate.common/hibernate-commons-annotations/7.0.3.Final/e183c4be8bb41d12e9f19b374e00c34a0a85f439/hibernate-commons-annotations-7.0.3.Final.jar:/Users/jyp/.gradle/caches/modules-2/files-2.1/io.smallrye/jandex/3.2.0/f17ad860f62a08487b9edabde608f8ac55c62fa7/jandex-3.2.0.jar:/Users/jyp/.gradle/caches/modules-2/files-2.1/com.fasterxml/classmate/1.7.0/e98374da1f2143ac8e6e0a95036994bb19137a3/classmate-1.7.0.jar:/Users/jyp/.gradle/caches/modules-2/files-2.1/net.bytebuddy/byte-buddy/1.17.6/8c70cbc6950b2ae5291a98d5003e06406d633803/byte-buddy-1.17.6.jar:/Users/jyp/.gradle/caches/modules-2/files-2.1/org.glassfish.jaxb/jaxb-runtime/4.0.5/ca84c2a7169b5293e232b9d00d1e4e36d4c3914a/jaxb-runtime-4.0.5.jar:/Users/jyp/.gradle/caches/modules-2/files-2.1/org.glassfish.jaxb/jaxb-core/4.0.5/7b4b11ea5542eea4ad55e1080b23be436795b3/jaxb-core-4.0.5.jar:/Users/jyp/.gradle/caches/modules-2/files-2.1/jakarta.xml.bind/jakarta.xml.bind-api/4.0.2/6cd5a999b834b63238005b7144136379dc36cad2/jakarta.xml.bind-api-4.0.2.jar:/Users/jyp/.gradle/caches/modules-2/files-2.1/jakarta.inject/jakarta.inject-api/2.0.1/4c28afe1991a941d7702fe1362c365f0a8641d1e/jakarta.inject-api-2.0.1.jar:/Users/jyp/.gradle/caches/modules-2/files-2.1/org.antlr/antlr4-runtime/4.13.0/5a02e48521624faaf5ff4d99afc88b01686af655/antlr4-runtime-4.13.0.jar:/Users/jyp/.gradle/caches/modules-2/files-2.1/org.aspectj/aspectjweaver/1.9.24/9b5aeb0cea9f958b9c57fb80e62996e95a3e9379/aspectjweaver-1.9.24.jar:/Users/jyp/.gradle/caches/modules-2/files-2.1/org.apache.tomcat.embed/tomcat-embed-websocket/10.1.43/275ae1e1d3b13cfb7749b143e585837e7cd1f66d/tomcat-embed-websocket-10.1.43.jar:/Users/jyp/.gradle/caches/modules-2/files-2.1/org.apache.tomcat.embed/tomcat-embed-core/10.1.43/cfccfd242d640e9a1c0c8a4d6926ca5b4d9c714b/tomcat-embed-core-10.1.43.jar:/Users/jyp/.gradle/caches/modules-2/files-2.1/org.apache.tomcat.embed/tomcat-embed-el/10.1.43/9c045c72e99ff21be55768e5ceeb8869f9c3f24c/tomcat-embed-el-10.1.43.jar:/Users/jyp/.gradle/caches/modules-2/files-2.1/io.micrometer/micrometer-observation/1.15.2/43a0e4b9dad3f03d6dbcaa87b6e3714c4b97cd99/micrometer-observation-1.15.2.jar:/Users/jyp/.gradle/caches/modules-2/files-2.1/io.netty/netty-codec-http2/4.1.123.Final/b3f4a78343bb80e5e29e4bddde36910a0c09bbd4/netty-codec-http2-4.1.123.Final.jar:/Users/jyp/.gradle/caches/modules-2/files-2.1/io.netty/netty-codec-http/4.1.123.Final/2071d0d90d840531581acab15bd974cc92b357da/netty-codec-http-4.1.123.Final.jar:/Users/jyp/.gradle/caches/modules-2/files-2.1/io.netty/netty-handler/4.1.123.Final/ddf6a8d67186c6cec71da202eb13c1d7e7ac85ce/netty-handler-4.1.123.Final.jar:/Users/jyp/.gradle/caches/modules-2/files-2.1/io.netty/netty-codec/4.1.123.Final/b2220e74136521ce6777ab704e153c1478db54c/netty-codec-4.1.123.Final.jar:/Users/jyp/.gradle/caches/modules-2/files-2.1/io.netty/netty-transport-classes-epoll/4.1.123.Final/5a1ba263146540ffa74910edadf2475454fee927/netty-transport-classes-epoll-4.1.123.Final.jar:/Users/jyp/.gradle/caches/modules-2/files-2.1/io.netty/netty-transport-native-unix-common/4.1.123.Final/3bf2e4b900b169419c636685e7d3981d20b904ce/netty-transport-native-unix-common-4.1.123.Final.jar:/Users/jyp/.gradle/caches/modules-2/files-2.1/io.netty/netty-transport/4.1.123.Final/aec24089c7c46f4a2f08d2cbccb788b6e4ef8238/netty-transport-4.1.123.Final.jar:/Users/jyp/.gradle/caches/modules-2/files-2.1/io.netty/netty-buffer/4.1.123.Final/f1dd38d14c9898d44b029fbfb3916632fbef547e/netty-buffer-4.1.123.Final.jar:/Users/jyp/.gradle/caches/modules-2/files-2.1/io.netty/netty-resolver/4.1.123.Final/49baab2c943f7c5d9b8f0367a9835008bac55103/netty-resolver-4.1.123.Final.jar:/Users/jyp/.gradle/caches/modules-2/files-2.1/io.netty/netty-common/4.1.123.Final/ecb80ced8779d489a6e0224bae6c7802d0e621f5/netty-common-4.1.123.Final.jar:/Users/jyp/.gradle/caches/modules-2/files-2.1/io.projectreactor/reactor-core/3.7.8/92dcc78425c3d62bd10af06d2bd4426ca1953bc0/reactor-core-3.7.8.jar:/Users/jyp/.gradle/caches/modules-2/files-2.1/org.reactivestreams/reactive-streams/1.0.4/3864a1320d97d7b045f729a326e1e077661f31b7/reactive-streams-1.0.4.jar:/Users/jyp/.gradle/caches/modules-2/files-2.1/software.amazon.eventstream/eventstream/1.0.1/6ff8649dffc5190366ada897ba8525a836297784/eventstream-1.0.1.jar:/Users/jyp/.gradle/caches/modules-2/files-2.1/software.amazon.awssdk/third-party-jackson-core/2.20.0/50b4e24236d24a57f49611bd5104a69cda49aca8/third-party-jackson-core-2.20.0.jar:/Users/jyp/.gradle/caches/modules-2/files-2.1/org.apache.httpcomponents/httpclient/4.5.13/e5f6cae5ca7ecaac1ec2827a9e2d65ae2869cada/httpclient-4.5.13.jar:/Users/jyp/.gradle/caches/modules-2/files-2.1/org.apache.httpcomponents/httpcore/4.4.16/51cf043c87253c9f58b539c9f7e44c8894223850/httpcore-4.4.16.jar:/Users/jyp/.gradle/caches/modules-2/files-2.1/org.apache.pdfbox/fontbox/3.0.3/9eebd1ee868a79fcf7390283b2baf4179dadb8ed/fontbox-3.0.3.jar:/Users/jyp/.gradle/caches/modules-2/files-2.1/org.apache.pdfbox/pdfbox-io/3.0.3/c40dcf555b72b1d8c0cd19391d63e5b58382b9cb/pdfbox-io-3.0.3.jar:/Users/jyp/.gradle/caches/modules-2/files-2.1/commons-logging/commons-logging/1.3.3/580ad1a4f34876c4f964c083361de31b3d60be68/commons-logging-1.3.3.jar:/Users/jyp/.gradle/caches/modules-2/files-2.1/info.picocli/picocli/4.7.6/77c2cb87814b6a03d431fc856024a9f8ff605ad4/picocli-4.7.6.jar:/Users/jyp/.gradle/caches/modules-2/files-2.1/org.bytedeco/opencv/4.9.0-1.5.10/dfce17ed2de05d981eb33eb8c35289274a1e5d3d/opencv-4.9.0-1.5.10.jar:/Users/jyp/.gradle/caches/modules-2/files-2.1/org.bytedeco/opencv/4.9.0-1.5.10/fdf4df79cf646dc2da9f6e38edce57a375b97196/opencv-4.9.0-1.5.10-android-arm64.jar:/Users/jyp/.gradle/caches/modules-2/files-2.1/org.bytedeco/opencv/4.9.0-1.5.10/b8dccc964787b1f0a237f0fdb1bb348ccc299911/opencv-4.9.0-1.5.10-android-x86_64.jar:/Users/jyp/.gradle/caches/modules-2/files-2.1/org.bytedeco/opencv/4.9.0-1.5.10/caea690566773d751d479f0c21f3d584dccf3d4/opencv-4.9.0-1.5.10-ios-arm64.jar:/Users/jyp/.gradle/caches/modules-2/files-2.1/org.bytedeco/opencv/4.9.0-1.5.10/633e98c9f46862464a603fe99abd0d3b9ab59b99/opencv-4.9.0-1.5.10-ios-x86_64.jar:/Users/jyp/.gradle/caches/modules-2/files-2.1/org.bytedeco/opencv/4.9.0-1.5.10/adb9968a4b4da877b3e9ca747fe5ab7c9f91746d/opencv-4.9.0-1.5.10-linux-x86_64.jar:/Users/jyp/.gradle/caches/modules-2/files-2.1/org.bytedeco/opencv/4.9.0-1.5.10/81bc04369330973cd66dd2645c4f10c83256fba2/opencv-4.9.0-1.5.10-linux-arm64.jar:/Users/jyp/.gradle/caches/modules-2/files-2.1/org.bytedeco/opencv/4.9.0-1.5.10/a1dca77e908b3d396cbd72e12cd05b57d167c75d/opencv-4.9.0-1.5.10-linux-ppc64le.jar:/Users/jyp/.gradle/caches/modules-2/files-2.1/org.bytedeco/opencv/4.9.0-1.5.10/93203d83f9ed8346d5ce6d54a204b1bdf01578d4/opencv-4.9.0-1.5.10-macosx-arm64.jar:/Users/jyp/.gradle/caches/modules-2/files-2.1/org.bytedeco/opencv/4.9.0-1.5.10/97f08be87a8b0695e2c7e75d578e100883a84167/opencv-4.9.0-1.5.10-macosx-x86_64.jar:/Users/jyp/.gradle/caches/modules-2/files-2.1/org.bytedeco/opencv/4.9.0-1.5.10/722ea8731418b677b0a1997b73b530353c9a251b/opencv-4.9.0-1.5.10-windows-x86_64.jar:/Users/jyp/.gradle/caches/modules-2/files-2.1/org.bytedeco/openblas/0.3.26-1.5.10/b710fa01b81b9118a7296c7e0d8972e1e6a336c7/openblas-0.3.26-1.5.10.jar:/Users/jyp/.gradle/caches/modules-2/files-2.1/org.bytedeco/openblas/0.3.26-1.5.10/397b375687a7ddbc013151246a6343efc7188693/openblas-0.3.26-1.5.10-android-arm64.jar:/Users/jyp/.gradle/caches/modules-2/files-2.1/org.bytedeco/openblas/0.3.26-1.5.10/3fc79ec1e43f7b1cc049460e33b84899da3c0d54/openblas-0.3.26-1.5.10-android-x86_64.jar:/Users/jyp/.gradle/caches/modules-2/files-2.1/org.bytedeco/openblas/0.3.26-1.5.10/d7734b132e312aebfc0bf583e1b701b5eddec05f/openblas-0.3.26-1.5.10-ios-arm64.jar:/Users/jyp/.gradle/caches/modules-2/files-2.1/org.bytedeco/openblas/0.3.26-1.5.10/a5d117d16fef0bf41c01356001cd53b83071cca4/openblas-0.3.26-1.5.10-ios-x86_64.jar:/Users/jyp/.gradle/caches/modules-2/files-2.1/org.bytedeco/openblas/0.3.26-1.5.10/8f557dc3c0b84c41e3273bd94a62643abbad0c15/openblas-0.3.26-1.5.10-linux-x86_64.jar:/Users/jyp/.gradle/caches/modules-2/files-2.1/org.bytedeco/openblas/0.3.26-1.5.10/5cc8339d5129aa5a6d7db55abc93ca0cc3c76ab0/openblas-0.3.26-1.5.10-linux-arm64.jar:/Users/jyp/.gradle/caches/modules-2/files-2.1/org.bytedeco/openblas/0.3.26-1.5.10/87ea247be98c816f19f6ed008b221226174e204e/openblas-0.3.26-1.5.10-linux-ppc64le.jar:/Users/jyp/.gradle/caches/modules-2/files-2.1/org.bytedeco/openblas/0.3.26-1.5.10/ceb5c020a1ac34a558aa46ba49392520528d8ce3/openblas-0.3.26-1.5.10-macosx-arm64.jar:/Users/jyp/.gradle/caches/modules-2/files-2.1/org.bytedeco/openblas/0.3.26-1.5.10/4e68bb7d40394bf88633627b2a05a0276f06ffb8/openblas-0.3.26-1.5.10-macosx-x86_64.jar:/Users/jyp/.gradle/caches/modules-2/files-2.1/org.bytedeco/openblas/0.3.26-1.5.10/d632cc233d1b5d812485be8ed451fa38e76b0c0a/openblas-0.3.26-1.5.10-windows-x86_64.jar:/Users/jyp/.gradle/caches/modules-2/files-2.1/org.bytedeco/ffmpeg/6.1.1-1.5.10/552c3761db2e98fb1ab8fb2617640db2335c8a9/ffmpeg-6.1.1-1.5.10.jar:/Users/jyp/.gradle/caches/modules-2/files-2.1/org.bytedeco/ffmpeg/6.1.1-1.5.10/6c91edd05ebe3490e8f0032b7dfda41dcc08b54c/ffmpeg-6.1.1-1.5.10-android-arm64.jar:/Users/jyp/.gradle/caches/modules-2/files-2.1/org.bytedeco/ffmpeg/6.1.1-1.5.10/570f61f9184abaca278389e6bf7ab1aa2d4b56f8/ffmpeg-6.1.1-1.5.10-android-x86_64.jar:/Users/jyp/.gradle/caches/modules-2/files-2.1/org.bytedeco/ffmpeg/6.1.1-1.5.10/c1163b90f929ecb7645eb2fd5b1b37b7dbf7fd54/ffmpeg-6.1.1-1.5.10-linux-x86_64.jar:/Users/jyp/.gradle/caches/modules-2/files-2.1/org.bytedeco/ffmpeg/6.1.1-1.5.10/ee36360a198bc74fdb56f8f5ead82850fef6444a/ffmpeg-6.1.1-1.5.10-linux-arm64.jar:/Users/jyp/.gradle/caches/modules-2/files-2.1/org.bytedeco/ffmpeg/6.1.1-1.5.10/61ba9eadcf30589abf3f35e84c2fd3a8cc5d23a6/ffmpeg-6.1.1-1.5.10-linux-ppc64le.jar:/Users/jyp/.gradle/caches/modules-2/files-2.1/org.bytedeco/ffmpeg/6.1.1-1.5.10/366cbcf4319462092cae87ec7a3fbff4eb1e17be/ffmpeg-6.1.1-1.5.10-macosx-arm64.jar:/Users/jyp/.gradle/caches/modules-2/files-2.1/org.bytedeco/ffmpeg/6.1.1-1.5.10/4e48df2da2887b462374a65a8be531a5818c1679/ffmpeg-6.1.1-1.5.10-macosx-x86_64.jar:/Users/jyp/.gradle/caches/modules-2/files-2.1/org.bytedeco/ffmpeg/6.1.1-1.5.10/36756dcfedb5cda1f31e273d02c3246ca5cae611/ffmpeg-6.1.1-1.5.10-windows-x86_64.jar:/Users/jyp/.gradle/caches/modules-2/files-2.1/org.bytedeco/flycapture/2.13.3.31-1.5.9/c653e61d46ebe5a5c0e71c17681f126320422f4/flycapture-2.13.3.31-1.5.9.jar:/Users/jyp/.gradle/caches/modules-2/files-2.1/org.bytedeco/flycapture/2.13.3.31-1.5.9/85ec8546502a3a17e86ecf585b58fa98436d12a4/flycapture-2.13.3.31-1.5.9-linux-x86.jar:/Users/jyp/.gradle/caches/modules-2/files-2.1/org.bytedeco/flycapture/2.13.3.31-1.5.9/d51d148f00a79619f1300983c9a2cc8cb973dadb/flycapture-2.13.3.31-1.5.9-linux-x86_64.jar:/Users/jyp/.gradle/caches/modules-2/files-2.1/org.bytedeco/flycapture/2.13.3.31-1.5.9/d97b553f9bad0ac14b4cb5d25abad69f18c39325/flycapture-2.13.3.31-1.5.9-linux-armhf.jar:/Users/jyp/.gradle/caches/modules-2/files-2.1/org.bytedeco/flycapture/2.13.3.31-1.5.9/b4de090166d6c49a05f6edec100fa2dd5912d41a/flycapture-2.13.3.31-1.5.9-linux-arm64.jar:/Users/jyp/.gradle/caches/modules-2/files-2.1/org.bytedeco/flycapture/2.13.3.31-1.5.9/176902709475936e5d187768c47fbd6a023e48d8/flycapture-2.13.3.31-1.5.9-windows-x86.jar:/Users/jyp/.gradle/caches/modules-2/files-2.1/org.bytedeco/flycapture/2.13.3.31-1.5.9/aefe6bb84ee84669117b1f8d2b0ecafd6e666383/flycapture-2.13.3.31-1.5.9-windows-x86_64.jar:/Users/jyp/.gradle/caches/modules-2/files-2.1/org.bytedeco/libdc1394/2.2.6-1.5.9/fa32142e37d3be048b64fb52ca51deca6d5de667/libdc1394-2.2.6-1.5.9.jar:/Users/jyp/.gradle/caches/modules-2/files-2.1/org.bytedeco/libdc1394/2.2.6-1.5.9/f7d9403ef3ac56375bae667c13bce4512ea3ad14/libdc1394-2.2.6-1.5.9-linux-x86.jar:/Users/jyp/.gradle/caches/modules-2/files-2.1/org.bytedeco/libdc1394/2.2.6-1.5.9/7acad7231f224ff3cdf47c484ef3fa6f20963659/libdc1394-2.2.6-1.5.9-linux-x86_64.jar:/Users/jyp/.gradle/caches/modules-2/files-2.1/org.bytedeco/libdc1394/2.2.6-1.5.9/e5b12f9ca1ff3f57f361c4152d1ec5505538f6e1/libdc1394-2.2.6-1.5.9-linux-armhf.jar:/Users/jyp/.gradle/caches/modules-2/files-2.1/org.bytedeco/libdc1394/2.2.6-1.5.9/ea94313a066e52cd2cee9b200823c807acbabccd/libdc1394-2.2.6-1.5.9-linux-arm64.jar:/Users/jyp/.gradle/caches/modules-2/files-2.1/org.bytedeco/libdc1394/2.2.6-1.5.9/a3084219b82faa7c61fa27e8cd3362d2baadc016/libdc1394-2.2.6-1.5.9-linux-ppc64le.jar:/Users/jyp/.gradle/caches/modules-2/files-2.1/org.bytedeco/libdc1394/2.2.6-1.5.9/d27a2a94a6eb8bf3c41c4db0a521950efd08e0a1/libdc1394-2.2.6-1.5.9-macosx-x86_64.jar:/Users/jyp/.gradle/caches/modules-2/files-2.1/org.bytedeco/libdc1394/2.2.6-1.5.9/e5be5dc0f4e6c786adbe2ae17ed0044df86d615b/libdc1394-2.2.6-1.5.9-windows-x86.jar:/Users/jyp/.gradle/caches/modules-2/files-2.1/org.bytedeco/libdc1394/2.2.6-1.5.9/d82e9b05c5b4c2fd4a70b9c95ecdaf53cd7f672d/libdc1394-2.2.6-1.5.9-windows-x86_64.jar:/Users/jyp/.gradle/caches/modules-2/files-2.1/org.bytedeco/libfreenect/0.5.7-1.5.9/16c037cd4f9e9f35a8e88fea29979e96b711f6ff/libfreenect-0.5.7-1.5.9.jar:/Users/jyp/.gradle/caches/modules-2/files-2.1/org.bytedeco/libfreenect/0.5.7-1.5.9/638424a37edc92a9a1e17ccc43f3dffea3378eb4/libfreenect-0.5.7-1.5.9-linux-x86.jar:/Users/jyp/.gradle/caches/modules-2/files-2.1/org.bytedeco/libfreenect/0.5.7-1.5.9/7c0f3fc2ce482165be5f36de3106ae99e644b77f/libfreenect-0.5.7-1.5.9-linux-x86_64.jar:/Users/jyp/.gradle/caches/modules-2/files-2.1/org.bytedeco/libfreenect/0.5.7-1.5.9/807e7b683af1b031fd3908b4e82dde74df31e767/libfreenect-0.5.7-1.5.9-linux-armhf.jar:/Users/jyp/.gradle/caches/modules-2/files-2.1/org.bytedeco/libfreenect/0.5.7-1.5.9/164abca835d05af2095b027822d25b6835110fc8/libfreenect-0.5.7-1.5.9-linux-arm64.jar:/Users/jyp/.gradle/caches/modules-2/files-2.1/org.bytedeco/libfreenect/0.5.7-1.5.9/a93ba40fff7feb1ae19968b64b8928842bcc231c/libfreenect-0.5.7-1.5.9-linux-ppc64le.jar:/Users/jyp/.gradle/caches/modules-2/files-2.1/org.bytedeco/libfreenect/0.5.7-1.5.9/12fa8e9975eb1dc0efa2a6e152fee15bfc2139d7/libfreenect-0.5.7-1.5.9-macosx-x86_64.jar:/Users/jyp/.gradle/caches/modules-2/files-2.1/org.bytedeco/libfreenect/0.5.7-1.5.9/2a20883b37c2ee1e166cbe3f3d66f4ac0d413134/libfreenect-0.5.7-1.5.9-windows-x86.jar:/Users/jyp/.gradle/caches/modules-2/files-2.1/org.bytedeco/libfreenect/0.5.7-1.5.9/d2de417f6b540cfe8496f8240bad2467e84b56a0/libfreenect-0.5.7-1.5.9-windows-x86_64.jar:/Users/jyp/.gradle/caches/modules-2/files-2.1/org.bytedeco/libfreenect2/0.2.0-1.5.9/2008343f5ea8bbbf1d516bf630a2656c91711a9/libfreenect2-0.2.0-1.5.9.jar:/Users/jyp/.gradle/caches/modules-2/files-2.1/org.bytedeco/libfreenect2/0.2.0-1.5.9/497991d72c5e9e81fa697f1a2f4abb7059d18661/libfreenect2-0.2.0-1.5.9-linux-x86.jar:/Users/jyp/.gradle/caches/modules-2/files-2.1/org.bytedeco/libfreenect2/0.2.0-1.5.9/24ab1291b067d0933ea76807597d81a1255e217a/libfreenect2-0.2.0-1.5.9-linux-x86_64.jar:/Users/jyp/.gradle/caches/modules-2/files-2.1/org.bytedeco/libfreenect2/0.2.0-1.5.9/af06c4b4202f1f73552f5123ffce0b1948c12663/libfreenect2-0.2.0-1.5.9-macosx-x86_64.jar:/Users/jyp/.gradle/caches/modules-2/files-2.1/org.bytedeco/libfreenect2/0.2.0-1.5.9/fe018286861aca25a55604ebda28d08d7a1e2785/libfreenect2-0.2.0-1.5.9-windows-x86_64.jar:/Users/jyp/.gradle/caches/modules-2/files-2.1/org.bytedeco/librealsense/1.12.4-1.5.9/27fb41a9d834522fb6d3acd56defbe56ccfb45e1/librealsense-1.12.4-1.5.9.jar:/Users/jyp/.gradle/caches/modules-2/files-2.1/org.bytedeco/librealsense/1.12.4-1.5.9/769ae6d3e1c15b73260ffe0794273e414acf2ea/librealsense-1.12.4-1.5.9-linux-armhf.jar:/Users/jyp/.gradle/caches/modules-2/files-2.1/org.bytedeco/librealsense/1.12.4-1.5.9/a93e17e2e6818111ae122d238ffb5e3bb6259e27/librealsense-1.12.4-1.5.9-linux-arm64.jar:/Users/jyp/.gradle/caches/modules-2/files-2.1/org.bytedeco/librealsense/1.12.4-1.5.9/38cb2fa593545baa50245b86132dd832591d35d2/librealsense-1.12.4-1.5.9-linux-x86.jar:/Users/jyp/.gradle/caches/modules-2/files-2.1/org.bytedeco/librealsense/1.12.4-1.5.9/5a021abc673fdd5606be939aad408765dba54878/librealsense-1.12.4-1.5.9-linux-x86_64.jar:/Users/jyp/.gradle/caches/modules-2/files-2.1/org.bytedeco/librealsense/1.12.4-1.5.9/3ea7930d61096c0b769ddb163010d38dad4feb6b/librealsense-1.12.4-1.5.9-macosx-x86_64.jar:/Users/jyp/.gradle/caches/modules-2/files-2.1/org.bytedeco/librealsense/1.12.4-1.5.9/1950b2bb729af2d9c2dbf424b419716b1509f2db/librealsense-1.12.4-1.5.9-windows-x86.jar:/Users/jyp/.gradle/caches/modules-2/files-2.1/org.bytedeco/librealsense/1.12.4-1.5.9/3ea18855380a5d528160c583e485491e7e8bdd47/librealsense-1.12.4-1.5.9-windows-x86_64.jar:/Users/jyp/.gradle/caches/modules-2/files-2.1/org.bytedeco/librealsense2/2.53.1-1.5.9/3123b090f70551bbf78bb973b2ee6d555c2efe5e/librealsense2-2.53.1-1.5.9.jar:/Users/jyp/.gradle/caches/modules-2/files-2.1/org.bytedeco/librealsense2/2.53.1-1.5.9/13ff01106992a38b4b02e771a648304930a77cf6/librealsense2-2.53.1-1.5.9-linux-armhf.jar:/Users/jyp/.gradle/caches/modules-2/files-2.1/org.bytedeco/librealsense2/2.53.1-1.5.9/dd0b5d2dedd3ab01c7bb97042cee57640d5c1fb4/librealsense2-2.53.1-1.5.9-linux-arm64.jar:/Users/jyp/.gradle/caches/modules-2/files-2.1/org.bytedeco/librealsense2/2.53.1-1.5.9/13bac2d3e040ca0e729b6a6f5827b4876dc4000/librealsense2-2.53.1-1.5.9-linux-x86.jar:/Users/jyp/.gradle/caches/modules-2/files-2.1/org.bytedeco/librealsense2/2.53.1-1.5.9/db319728fe26a004effd83884132e0c115e99e8a/librealsense2-2.53.1-1.5.9-linux-x86_64.jar:/Users/jyp/.gradle/caches/modules-2/files-2.1/org.bytedeco/librealsense2/2.53.1-1.5.9/1a9d77eeb22088653ee398721e769a4b7ecfbd1a/librealsense2-2.53.1-1.5.9-macosx-x86_64.jar:/Users/jyp/.gradle/caches/modules-2/files-2.1/org.bytedeco/librealsense2/2.53.1-1.5.9/4c33bb1987aa748c8348957f2bc83182d1a229ab/librealsense2-2.53.1-1.5.9-windows-x86.jar:/Users/jyp/.gradle/caches/modules-2/files-2.1/org.bytedeco/librealsense2/2.53.1-1.5.9/fe3ea25e1f6991a68e51c5ddcf8e9a6005efe553/librealsense2-2.53.1-1.5.9-windows-x86_64.jar:/Users/jyp/.gradle/caches/modules-2/files-2.1/org.bytedeco/videoinput/0.200-1.5.9/296ef2dc4f171920b3c8dc50efb9db6e915a1bd2/videoinput-0.200-1.5.9.jar:/Users/jyp/.gradle/caches/modules-2/files-2.1/org.bytedeco/videoinput/0.200-1.5.9/61dcd5e7316e858496f73b1d5957babff6e87a8a/videoinput-0.200-1.5.9-windows-x86.jar:/Users/jyp/.gradle/caches/modules-2/files-2.1/org.bytedeco/videoinput/0.200-1.5.9/65c40cb15d7ce1ab64a1eda96dacbd0ad1e07c7b/videoinput-0.200-1.5.9-windows-x86_64.jar:/Users/jyp/.gradle/caches/modules-2/files-2.1/org.bytedeco/artoolkitplus/2.3.1-1.5.9/af6a8e3a14873b7de80d632e06eb0b3c9cc00c86/artoolkitplus-2.3.1-1.5.9.jar:/Users/jyp/.gradle/caches/modules-2/files-2.1/org.bytedeco/artoolkitplus/2.3.1-1.5.9/c313c942533c0a265c46fd5fad46f0d4812143ac/artoolkitplus-2.3.1-1.5.9-android-arm.jar:/Users/jyp/.gradle/caches/modules-2/files-2.1/org.bytedeco/artoolkitplus/2.3.1-1.5.9/25d0cebb636d507f92c6a16ad93ad0f715e94c1e/artoolkitplus-2.3.1-1.5.9-android-arm64.jar:/Users/jyp/.gradle/caches/modules-2/files-2.1/org.bytedeco/artoolkitplus/2.3.1-1.5.9/21a671f8bc10a8c88cb034d999d59f9f4a376543/artoolkitplus-2.3.1-1.5.9-android-x86.jar:/Users/jyp/.gradle/caches/modules-2/files-2.1/org.bytedeco/artoolkitplus/2.3.1-1.5.9/a61070a49741e58a37243bad3a9f28b52593dce9/artoolkitplus-2.3.1-1.5.9-android-x86_64.jar:/Users/jyp/.gradle/caches/modules-2/files-2.1/org.bytedeco/artoolkitplus/2.3.1-1.5.9/e078d9ce9c354a4c7d24ba1c02d3647f9e72170b/artoolkitplus-2.3.1-1.5.9-linux-x86.jar:/Users/jyp/.gradle/caches/modules-2/files-2.1/org.bytedeco/artoolkitplus/2.3.1-1.5.9/1477cc4c8e3706b76528bcfaae4d98212e65498e/artoolkitplus-2.3.1-1.5.9-linux-x86_64.jar:/Users/jyp/.gradle/caches/modules-2/files-2.1/org.bytedeco/artoolkitplus/2.3.1-1.5.9/d8ae0a865ad7a05672077e0d01b76c2c9d8f4641/artoolkitplus-2.3.1-1.5.9-linux-armhf.jar:/Users/jyp/.gradle/caches/modules-2/files-2.1/org.bytedeco/artoolkitplus/2.3.1-1.5.9/2dba8f53a32a54c56795d529b0e86699c6c40604/artoolkitplus-2.3.1-1.5.9-linux-arm64.jar:/Users/jyp/.gradle/caches/modules-2/files-2.1/org.bytedeco/artoolkitplus/2.3.1-1.5.9/fc83b541f8265486873a77e09bfb4812145e55ef/artoolkitplus-2.3.1-1.5.9-linux-ppc64le.jar:/Users/jyp/.gradle/caches/modules-2/files-2.1/org.bytedeco/artoolkitplus/2.3.1-1.5.9/b9e93bfe25743fc66f9e1c49bd5c15de50098d12/artoolkitplus-2.3.1-1.5.9-macosx-x86_64.jar:/Users/jyp/.gradle/caches/modules-2/files-2.1/org.bytedeco/artoolkitplus/2.3.1-1.5.9/5a0d26b1db496fa0b0f11ab9607e0a8be8854dba/artoolkitplus-2.3.1-1.5.9-windows-x86.jar:/Users/jyp/.gradle/caches/modules-2/files-2.1/org.bytedeco/artoolkitplus/2.3.1-1.5.9/63cd2f8e29ad476e1adc0370312546eac1bc97a6/artoolkitplus-2.3.1-1.5.9-windows-x86_64.jar:/Users/jyp/.gradle/caches/modules-2/files-2.1/org.bytedeco/tesseract/5.3.4-1.5.10/28f50172dc0995ebf5eeb9e420f5d848069e7542/tesseract-5.3.4-1.5.10.jar:/Users/jyp/.gradle/caches/modules-2/files-2.1/org.bytedeco/tesseract/5.3.4-1.5.10/282b906b540397857235c66a8ce16efcdd8eb721/tesseract-5.3.4-1.5.10-android-arm64.jar:/Users/jyp/.gradle/caches/modules-2/files-2.1/org.bytedeco/tesseract/5.3.4-1.5.10/b78c89d7b6eac14897a6e4db8da508f1e80d99d4/tesseract-5.3.4-1.5.10-android-x86_64.jar:/Users/jyp/.gradle/caches/modules-2/files-2.1/org.bytedeco/tesseract/5.3.4-1.5.10/ab80eff4c0d0844de382d6a02a1c3da58f0e9e1f/tesseract-5.3.4-1.5.10-linux-x86_64.jar:/Users/jyp/.gradle/caches/modules-2/files-2.1/org.bytedeco/tesseract/5.3.4-1.5.10/81bde1b13f16a3e871164ffd8c533afb385d5e95/tesseract-5.3.4-1.5.10-linux-arm64.jar:/Users/jyp/.gradle/caches/modules-2/files-2.1/org.bytedeco/tesseract/5.3.4-1.5.10/5d86f3b557389509e2e247dd3407c6ad26f54fdb/tesseract-5.3.4-1.5.10-linux-ppc64le.jar:/Users/jyp/.gradle/caches/modules-2/files-2.1/org.bytedeco/tesseract/5.3.4-1.5.10/856f5b8106973b5dd1a283daa2bcd58c6254365e/tesseract-5.3.4-1.5.10-macosx-arm64.jar:/Users/jyp/.gradle/caches/modules-2/files-2.1/org.bytedeco/tesseract/5.3.4-1.5.10/91a0ab8cccbac0538404a7f7c95d25aceb87c5fb/tesseract-5.3.4-1.5.10-macosx-x86_64.jar:/Users/jyp/.gradle/caches/modules-2/files-2.1/org.bytedeco/tesseract/5.3.4-1.5.10/3424a5f22fc0c8dfcff4395146e35c407864a55e/tesseract-5.3.4-1.5.10-windows-x86_64.jar:/Users/jyp/.gradle/caches/modules-2/files-2.1/org.bytedeco/leptonica/1.84.1-1.5.10/cd94cc1b28d160280cb7caa6d9c83dc03bbc0991/leptonica-1.84.1-1.5.10.jar:/Users/jyp/.gradle/caches/modules-2/files-2.1/org.bytedeco/leptonica/1.84.1-1.5.10/aeedd94240c517dddfb99b52d547f6afcb7734f0/leptonica-1.84.1-1.5.10-android-arm64.jar:/Users/jyp/.gradle/caches/modules-2/files-2.1/org.bytedeco/leptonica/1.84.1-1.5.10/8d8fd6fea5981514272ce6b094ecb1e4140db1f1/leptonica-1.84.1-1.5.10-android-x86_64.jar:/Users/jyp/.gradle/caches/modules-2/files-2.1/org.bytedeco/leptonica/1.84.1-1.5.10/91591cca30b0db706d5034a4dcc6a0f788b1ffe7/leptonica-1.84.1-1.5.10-linux-x86_64.jar:/Users/jyp/.gradle/caches/modules-2/files-2.1/org.bytedeco/leptonica/1.84.1-1.5.10/94189b7c2acfafed95cce6cec34a834cc6bdd993/leptonica-1.84.1-1.5.10-linux-arm64.jar:/Users/jyp/.gradle/caches/modules-2/files-2.1/org.bytedeco/leptonica/1.84.1-1.5.10/2fba8dd140186c55633927f3686ce6d17797610f/leptonica-1.84.1-1.5.10-linux-ppc64le.jar:/Users/jyp/.gradle/caches/modules-2/files-2.1/org.bytedeco/leptonica/1.84.1-1.5.10/37c7e025eaa0e93a7fd2862ac7e9471e35cb0775/leptonica-1.84.1-1.5.10-macosx-arm64.jar:/Users/jyp/.gradle/caches/modules-2/files-2.1/org.bytedeco/leptonica/1.84.1-1.5.10/168c62992cfa175a766705ddff2d6a7fb8e6ca3c/leptonica-1.84.1-1.5.10-macosx-x86_64.jar:/Users/jyp/.gradle/caches/modules-2/files-2.1/org.bytedeco/leptonica/1.84.1-1.5.10/cd09d90ffe7b6f3baaa1a1c108eeb8be3f51127d/leptonica-1.84.1-1.5.10-windows-x86_64.jar:/Users/jyp/.gradle/caches/modules-2/files-2.1/org.bytedeco/javacpp/1.5.10/afb6ae145e7563c66b677cb4896dd0197d49fce6/javacpp-1.5.10.jar:/Users/jyp/.gradle/caches/modules-2/files-2.1/org.bytedeco/javacpp/1.5.10/ab5d3badd1f79925ad858ada6f500915ea3b58b6/javacpp-1.5.10-android-arm64.jar:/Users/jyp/.gradle/caches/modules-2/files-2.1/org.bytedeco/javacpp/1.5.10/70e7f6862d92d4fa915b6fcb20779ab7ef5a1136/javacpp-1.5.10-android-x86_64.jar:/Users/jyp/.gradle/caches/modules-2/files-2.1/org.bytedeco/javacpp/1.5.10/895ae3a0d5059c4e725f761930a5c1716c332a5c/javacpp-1.5.10-ios-arm64.jar:/Users/jyp/.gradle/caches/modules-2/files-2.1/org.bytedeco/javacpp/1.5.10/a64ecfc07d022d74f291145e7552ef949c810e13/javacpp-1.5.10-ios-x86_64.jar:/Users/jyp/.gradle/caches/modules-2/files-2.1/org.bytedeco/javacpp/1.5.10/4ed43f715b28bfe22c721b048d887f550eff5108/javacpp-1.5.10-linux-arm64.jar:/Users/jyp/.gradle/caches/modules-2/files-2.1/org.bytedeco/javacpp/1.5.10/8d658c11b266afa8aa48995be6b4219733f03fdd/javacpp-1.5.10-linux-ppc64le.jar:/Users/jyp/.gradle/caches/modules-2/files-2.1/org.bytedeco/javacpp/1.5.10/3648159c3165fd41b65229e6c20e47a021b0d24b/javacpp-1.5.10-linux-x86_64.jar:/Users/jyp/.gradle/caches/modules-2/files-2.1/org.bytedeco/javacpp/1.5.10/59a8dfe3ccd3dc501b50e9f5363abc2778874478/javacpp-1.5.10-macosx-arm64.jar:/Users/jyp/.gradle/caches/modules-2/files-2.1/org.bytedeco/javacpp/1.5.10/86e917e54c8d9b903410edc865912f653eaa947a/javacpp-1.5.10-macosx-x86_64.jar:/Users/jyp/.gradle/caches/modules-2/files-2.1/org.bytedeco/javacpp/1.5.10/74b7b5dffb083c2ca322ddbff86b710db95abf6b/javacpp-1.5.10-windows-x86_64.jar:/Users/jyp/.gradle/caches/modules-2/files-2.1/org.springframework/spring-jcl/6.2.9/8959aa4b32d307c8cbfbd99220e41ddb1d070470/spring-jcl-6.2.9.jar:/Users/jyp/.gradle/caches/modules-2/files-2.1/org.eclipse.angus/angus-activation/2.0.2/41f1e0ddd157c856926ed149ab837d110955a9fc/angus-activation-2.0.2.jar:/Users/jyp/.gradle/caches/modules-2/files-2.1/jakarta.activation/jakarta.activation-api/2.1.3/fa165bd70cda600368eee31555222776a46b881f/jakarta.activation-api-2.1.3.jar:/Users/jyp/.gradle/caches/modules-2/files-2.1/io.micrometer/micrometer-commons/1.15.2/98e1ce7efa22b82e012d781db74ca54e5fbc730a/micrometer-commons-1.15.2.jar:/Users/jyp/.gradle/caches/modules-2/files-2.1/org.springframework.security/spring-security-crypto/6.5.2/be68afd130378efc6e3824168af4add3431bb0ee/spring-security-crypto-6.5.2.jar:/Users/jyp/.gradle/caches/modules-2/files-2.1/commons-codec/commons-codec/1.18.0/ee45d1cf6ec2cc2b809ff04b4dc7aec858e0df8f/commons-codec-1.18.0.jar:/Users/jyp/.gradle/caches/modules-2/files-2.1/ch.qos.logback/logback-core/1.5.18/6c0375624f6f36b4e089e2488ba21334a11ef13f/logback-core-1.5.18.jar:/Users/jyp/.gradle/caches/modules-2/files-2.1/org.apache.logging.log4j/log4j-api/2.24.3/b02c125db8b6d295adf72ae6e71af5d83bce2370/log4j-api-2.24.3.jar:/Users/jyp/.gradle/caches/modules-2/files-2.1/org.glassfish.jaxb/txw2/4.0.5/f36a4ef12120a9bb06d766d6a0e54b144fd7ed98/txw2-4.0.5.jar:/Users/jyp/.gradle/caches/modules-2/files-2.1/com.sun.istack/istack-commons-runtime/4.1.2/18ec117c85f3ba0ac65409136afa8e42bc74e739/istack-commons-runtime-4.1.2.jar
Launcher Type: SUN_STANDARD

[Global flags]
     intx CICompilerCount                          = 4                                         {product} {ergonomic}
     uint ConcGCThreads                            = 2                                         {product} {ergonomic}
     uint G1ConcRefinementThreads                  = 9                                         {product} {ergonomic}
   size_t G1HeapRegionSize                         = 4194304                                   {product} {ergonomic}
    uintx GCDrainStackTargetSize                   = 64                                        {product} {ergonomic}
   size_t InitialHeapSize                          = 536870912                                 {product} {ergonomic}
   size_t MarkStackSize                            = 4194304                                   {product} {ergonomic}
   size_t MaxHeapSize                              = 8589934592                                {product} {ergonomic}
   size_t MaxNewSize                               = 5150605312                                {product} {ergonomic}
   size_t MinHeapDeltaBytes                        = 4194304                                   {product} {ergonomic}
   size_t MinHeapSize                              = 8388608                                   {product} {ergonomic}
    uintx NonNMethodCodeHeapSize                   = 5839564                                {pd product} {ergonomic}
    uintx NonProfiledCodeHeapSize                  = 122909338                              {pd product} {ergonomic}
    uintx ProfiledCodeHeapSize                     = 122909338                              {pd product} {ergonomic}
    uintx ReservedCodeCacheSize                    = 251658240                              {pd product} {ergonomic}
     bool SegmentedCodeCache                       = true                                      {product} {ergonomic}
   size_t SoftMaxHeapSize                          = 8589934592                             {manageable} {ergonomic}
     bool UseCompressedOops                        = true                           {product lp64_product} {ergonomic}
     bool UseG1GC                                  = true                                      {product} {ergonomic}
     bool UseNUMA                                  = false                                     {product} {ergonomic}
     bool UseNUMAInterleaving                      = false                                     {product} {ergonomic}

Logging:
Log output configuration:
 #0: stdout all=warning uptime,level,tags foldmultilines=false
 #1: stderr all=off uptime,level,tags foldmultilines=false

Environment Variables:
JAVA_HOME=/Users/jyp/Library/Java/JavaVirtualMachines/temurin-17.0.11/Contents/Home
PATH=/Users/jyp/Library/Java/JavaVirtualMachines/temurin-17.0.11/Contents/Home/bin:/Users/jyp/.sdkman/candidates/java/current/bin:/Users/jyp/.sdkman/candidates/gradle/current/bin:/usr/local/mysql-8.0.28-macos11-arm64/bin:/Users/jyp/.rbenv/shims:/Users/jyp/.rbenv/shims:/opt/homebrew/opt/ruby/bin:/Users/jyp/.rbenv/shims:/Users/jyp/.rbenv/bin:/Users/jyp/.nvm/versions/node/v18.13.0/bin:/opt/homebrew/bin:/opt/homebrew/sbin:/usr/local/bin:/System/Cryptexes/App/usr/bin:/usr/bin:/bin:/usr/sbin:/sbin:/var/run/com.apple.security.cryptexd/codex.system/bootstrap/usr/local/bin:/var/run/com.apple.security.cryptexd/codex.system/bootstrap/usr/bin:/var/run/com.apple.security.cryptexd/codex.system/bootstrap/usr/appleinternal/bin:/Applications/VMware Fusion.app/Contents/Public:/Users/jyp/google-cloud-sdk/bin
SHELL=/bin/zsh
LC_CTYPE=ko_KR.UTF-8
TMPDIR=/var/folders/05/073tr555709cldp4t8x4swj40000gn/T/

Active Locale:
LC_ALL=C/ko_KR.UTF-8/C/C/C/C
LC_COLLATE=C
LC_CTYPE=ko_KR.UTF-8
LC_MESSAGES=C
LC_MONETARY=C
LC_NUMERIC=C
LC_TIME=C

Signal Handlers:
   SIGSEGV: crash_handler in libjvm.dylib, mask=11100110000111110111111111111111, flags=SA_ONSTACK|SA_RESTART|SA_SIGINFO, unblocked
    SIGBUS: crash_handler in libjvm.dylib, mask=11100110000111110111111111111111, flags=SA_RESTART|SA_SIGINFO, unblocked
    SIGFPE: crash_handler in libjvm.dylib, mask=11100110000111110111111111111111, flags=SA_RESTART|SA_SIGINFO, unblocked
   SIGPIPE: javaSignalHandler in libjvm.dylib, mask=11100110000111110111111111111111, flags=SA_RESTART|SA_SIGINFO, blocked
   SIGXFSZ: javaSignalHandler in libjvm.dylib, mask=11100110000111110111111111111111, flags=SA_RESTART|SA_SIGINFO, blocked
    SIGILL: crash_handler in libjvm.dylib, mask=11100110000111110111111111111111, flags=SA_RESTART|SA_SIGINFO, unblocked
   SIGUSR2: SR_handler in libjvm.dylib, mask=00000000000000000000000000000000, flags=SA_RESTART|SA_SIGINFO, blocked
    SIGHUP: UserHandler in libjvm.dylib, mask=11100110000111110111111111111111, flags=SA_RESTART|SA_SIGINFO, blocked
    SIGINT: UserHandler in libjvm.dylib, mask=11100110000111110111111111111111, flags=SA_RESTART|SA_SIGINFO, blocked
   SIGTERM: UserHandler in libjvm.dylib, mask=11100110000111110111111111111111, flags=SA_RESTART|SA_SIGINFO, blocked
   SIGQUIT: UserHandler in libjvm.dylib, mask=11100110000111110111111111111111, flags=SA_RESTART|SA_SIGINFO, blocked
   SIGTRAP: crash_handler in libjvm.dylib, mask=11100110000111110111111111111111, flags=SA_RESTART|SA_SIGINFO, unblocked


Periodic native trim disabled

---------------  S Y S T E M  ---------------

OS:
uname: Darwin 24.6.0 Darwin Kernel Version 24.6.0: Mon Jul 14 11:30:29 PDT 2025; root:xnu-11417.140.69~1/RELEASE_ARM64_T6000 arm64
OS uptime: 3 days 9:43 hours
rlimit (soft/hard): STACK 8176k/65520k , CORE 0k/infinity , NPROC 5333/8000 , NOFILE 10240/infinity , AS infinity/infinity , CPU infinity/infinity , DATA infinity/infinity , FSIZE infinity/infinity , MEMLOCK infinity/infinity , RSS infinity/infinity
load average: 5.63 4.37 3.90

CPU: total 10 (initial active 10) 0x61:0x0:0x1b588bb3:0, fp, asimd, aes, pmull, sha1, sha256, crc32, lse, sha3, sha512
machdep.cpu.brand_string:Apple M1 Pro
hw.cachelinesize:128
hw.l1icachesize:131072
hw.l1dcachesize:65536
hw.l2cachesize:4194304

Memory: 16k page, physical 33554432k(119504k free), swap 0k(0k free)

vm_info: OpenJDK 64-Bit Server VM (21.0.3+9-LTS) for bsd-aarch64 JRE (21.0.3+9-LTS), built on 2024-04-10T19:04:27Z by "ec2user" with clang Apple LLVM 14.0.0 (clang-1400.0.29.202)

END.
